Tr Predicted E,Tr Actual E
-1.020330220511379,-1.032
-1.0126737342963645,-1.16814704
-0.6264934194123395,-1.06156146
-0.18391721298192198,-0.134
-0.9518714602069345,-1.054
-0.6457723700214162,-0.81
-0.7612553155656965,-1.06864214
-0.9808214615288189,-0.97658383
-0.5936555160401569,-0.677
-0.4544164098492196,-0.489
-0.5423855547966174,-0.42317356
-0.9288842311184222,-0.73248494
-0.7102829225902818,-0.93784873
-0.6357132348696792,-0.625
-1.0804866767549988,-0.8612572
0.07559838318033485,-0.077
-0.2710663641803759,-0.171
-0.9847911130912994,-1.2798031
-0.3949764085522185,-0.374
-0.17741392202175899,-0.85314334
-0.9682453139849576,-1.016
-0.5681661182181452,-0.37
-0.8428246211933628,-1.015
-0.6578176595125593,-1.017
-0.653209486485439,-0.553
-0.9050202387105313,-0.96498014
-0.3559031584488537,-0.47722466
-0.7503640017117652,-0.4781702
-0.8786702681811702,-0.64171637
-0.9867896245849321,-1.12678703
-0.6453296963326358,-0.86200774
-0.03924416856826607,-0.03993522
-0.6063437750694756,-0.523
-0.8292190158922437,-0.91883635
-0.429099888697583,-0.562
-0.5722343602298778,-0.719
-0.8282722270129428,-0.651
-0.8811462702802517,-0.60900685
-1.1394473500900668,-0.91153214
-0.5803539621157228,-0.71
-0.6800893326754314,-0.371
-0.7933953648990513,-0.3789491
-0.4198613787217127,-0.194
-1.085509196571885,-0.87099675
-0.7702583425571747,-0.81424767
-0.6394925098688109,-0.417
-0.7509730506373158,-0.43518893
-0.9516098709932219,-1.1130244
-0.9268833080106376,-0.94305278
-0.8261652245300524,-0.59782552
-1.1383920702215082,-1.0563312
-0.169574643225757,-0.54790107
-0.4191407948969701,-0.504
-0.25639039866491764,-0.0479683
-0.6807360086812242,-0.994
-0.2537743811793094,-0.108
-0.5787554585741685,-0.51163341
-0.573829218935928,-0.82555587
-0.7782466229168303,-1.05252683
-1.0097079737535966,-0.81151515
-0.9039649588419727,-0.99991635
-1.088474957114653,-1.0971139
-0.6467191589007157,-0.5935564
-0.8836461706666743,-1.02618987
-0.3221552274427868,-0.086
-0.5298179721781686,-0.556
-0.6065990785669291,-0.6900878
-0.6442431568016351,-0.73186329
-0.6944571197388871,-0.94328199
-1.2152485729083544,-1.70572679
-0.630291137316775,-0.503
-0.39946705642548785,-0.49826842
-0.17203787939306636,-0.377
-0.5576806974657376,-0.656
-0.30770726341890775,-0.32002169
-0.18981616090645126,-0.47175002
-1.261838205191045,-1.02573532
-0.6448174299296827,-0.56
-0.7958456024382112,-0.55414339
0.01906894441525253,0.44061743
-0.17283531777397965,-0.278
-1.1860369823727575,-1.12531649
-0.4660412941839551,-0.229108
-0.7200443796199227,-0.50047595
-0.7225203817190042,-0.28636235
-0.576279456475087,-0.98491731
-0.7299900810713109,-0.506
-0.9799143644986219,-0.979
-0.6930676571708059,-0.2407627
-0.8762200306420103,-0.95737556
-0.9680942868141686,-1.074
-0.6408461303831752,-0.327
-0.47581131703815105,-0.50253835
-0.6404034566943948,-0.25614808
-0.8333323906608125,-0.995
-0.8460595653754632,-0.8781954
-0.8387323435950083,-0.518
-0.5307427232834847,-0.385
-0.04750529334321474,0.22865765
-0.49129669153420696,-0.15171683
-0.6192635771688009,-1.026
-0.14463194417349623,0.2249784
-0.5719699762716699,-0.383
-0.6561873754858198,-0.473
-0.13322434154630347,-0.283
-0.2811092172164873,-0.59039549
-0.8409083112532283,-1.011
-0.5723857438502655,-0.537
0.05098907988736734,-0.138
-0.6731733163253955,-0.54162563
-0.950667632945934,-1.06798906
-1.161310419390173,-0.89496127
-1.0302727138177463,-2.5721744
-0.6059734125485683,-0.5
-0.762906367347489,-0.654
-0.38559711452233447,-0.544
-0.6417929192624752,-0.93114353
-0.6404392987481105,-0.86653899
-0.42247739620732094,-0.16453762
-1.060592335909588,-0.99616337
-0.5905005039813793,-0.43
-0.6420545084761882,-0.749
-0.8278295533241629,-0.67906937
-1.0274110938115095,-1.17110452
-0.39633002906658277,-0.274
-1.0264688557642225,-1.08335403
-0.6745627788934767,-0.66467793
-1.0327487159168278,-0.6001678
-0.23614888098422337,0.48395404
-0.5724755984215633,-0.86411942
-0.2145349794580209,-0.22711286
-0.9089898902730109,-0.79596622
-0.8540478457351179,-1.07631424
-0.5943043620349036,-0.603
-1.103212316629798,-1.1515799
-0.16977662659959059,-0.286
-0.7045264425448039,-0.67906937
-0.2956416343819126,-0.163
-0.6517626934348826,-0.43437729
-0.6848044000632347,-0.473
-0.07573138537890589,0.30436329
-0.8922839897429222,-0.97658383
-0.6298999281276205,-0.95692541
-0.24726617719857868,-0.108
-0.7066936929400152,-0.518
-0.7610535744854783,-0.91883635
-0.6062167336383668,-0.417
-0.45574875820548044,-0.49826842
-0.04741561799493654,-0.283
-0.9882341159275017,-1.06798906
-0.4251520072301065,-0.15171683
-0.7739050330042798,-0.69422387
-0.834289212068247,-1.016
-0.8392940689128743,-1.1130244
-0.6656025262451903,-0.994
-1.0136510847086564,-1.08613209
-0.975382657408701,-0.70610557
-0.2580161158078469,-0.54790107
-0.6602482445232174,-0.559
-0.6522560049667403,-0.677
-0.699474938769256,-0.38849717
-0.35639306554507444,-0.544
-0.3224288444824426,0.48395404
-0.3131500948448318,-0.543
-0.7326305134714497,-0.691
-0.6590766121163307,-0.836
-0.11340832531133271,-0.286
-0.6495403149198014,-0.843
-1.040997865037423,-0.91153214
-0.7708311670966927,-1.015
-0.7413059019216082,-0.94328199
-0.5873499647602869,-0.86411942
-0.6316337024195224,-0.327
-0.29195470678817603,-0.47722466
-0.6910434613835346,-0.66467793
-1.0963992869235568,-1.0563312
-0.8081046047892655,-1.054
-0.5701036007682623,-0.6900878
-1.1192383594648172,-1.02573532
-0.2095892372661523,-0.47175002
-0.4544906372024222,-0.086
-0.7082898253755587,-0.86653899
-0.7516412220895381,-0.28636235
-0.8395202406330018,-0.46217204
-0.9480358770799349,-0.95737556
-1.0538493235562232,-1.08335403
-0.9556349848448296,-0.73248494
-0.8542479085673271,-0.55414339
-0.8266687821141998,-0.96498014
-0.7508397887428919,-1.07266794
-0.9709877519354766,-1.2798031
-0.4581016883829876,-0.562
-0.6376519223946993,-0.553
-0.4251776373124083,-0.489
-0.747528481911067,-1.006
-0.658980482748289,-0.651
-0.011318656704308871,-0.03993522
-0.13996175959656343,0.22865765
-0.39236434520994967,-0.59039549
-0.5842499097440212,-0.37
-0.6771796622160378,-0.25614808
-1.079266292337378,-1.1107946
-0.6654513816872756,-0.654
-0.23492690508322056,-0.04
-0.25975280976530435,-0.85314334
-1.0359463612618747,-1.0971139
-0.27400196594074844,-0.0479683
-0.9053725443067555,-0.79596622
-0.8216172783386533,-1.07631424
-0.32795161653535354,-0.22711286
-0.594669664161553,-0.537
-0.9986172430779758,-0.81151515
-0.5989775776783475,-0.383
-0.47534805237501176,-0.374
-0.6843784481740833,-0.625
-1.0315855126414828,-0.6001678
-0.9659703050127613,-1.05904721
-0.9703311536331531,-1.16814704
-0.6388722398563353,-0.43
-0.8069211095503293,-0.81424767
-0.6127669335414421,-0.82555587
-0.6943126568022167,-0.43518893
-0.06521670667896728,-0.138
-0.9003550973840397,-0.60900685
-1.1848535670935387,-1.0403769
-0.8820702040003354,-0.99991635
-0.7827669369721981,-0.52635541
-0.6860260144608166,-0.5935564
-0.6294988825201422,-0.86200774
-0.6664903613692088,-0.37604277
-0.7183542082976024,-1.02618987
-0.847205295729097,-0.979
-0.9155185754121975,-0.94305278
-0.14226068521955515,-0.077
-0.702517330033106,-0.749
-0.7277610282140783,-0.55721703
-0.32963164672060286,-0.194
-0.6665159914515106,-0.5
-0.4348549269881756,-0.292
-0.1774991402806858,-0.42799025
-0.8499033677834755,-0.94939097
-0.5946614730664899,-0.385
-0.6020776326946127,-0.98491731
-0.7886327009386056,-0.50047595
-0.6350622100946599,-0.93784873
-0.799322001785435,-0.76291948
-0.8164549963716139,-1.01087654
-0.663348299539483,-1.02746434
-0.6321541548333292,-1.017
-0.2135961015713126,-0.377
-1.0868654001022726,-0.8612572
-1.0307840792948353,-1.05263341
-0.7230174933098841,-0.73186329
-0.8649372094141565,-0.3789491
-0.7466277970921587,-1.011
-0.6706622182209308,-0.56
-0.55973708575186,-0.656
-0.21636674796832622,-0.134
-0.32550082349437925,-0.171
-0.9373465762331055,-0.64171637
-0.5650861538455461,-0.51163341
-0.35636743546277216,-0.16453762
-0.6042035509828376,-0.503
-0.7842881601547544,-0.96903447
-0.4532291830546553,-0.424
-0.6738042800506561,-0.71
-1.0685769914905485,-2.5721744
-0.8782013366975128,-0.995
-0.3889831902019725,-0.504
-0.7337067941567135,-0.93114353
-0.500765021156167,-0.274
-0.4379377072163173,-0.35148528
-0.9509700941202683,-1.016
-0.9089135159852879,-1.06798906
-0.7100273853489383,-1.026
-0.2614884526893917,-0.32002169
-0.2877222859801467,-0.163
-0.6546566096260666,-0.553
-0.9729807482557189,-0.979
-0.6526488962471437,-0.43437729
-0.5490081063500596,-0.417
-0.8679077920922005,-0.81424767
-1.0441445076079092,-2.5721744
-0.8628337173578653,-1.006
-0.5833759721077518,-0.383
-0.6233891959941213,-0.836
-1.0005516044981646,-0.995
-0.5550652881621319,-0.556
-0.9071603398034953,-1.054
-0.7822340540371711,-0.50047595
-0.6025655159746099,-0.719
-0.7483463637916041,-0.371
-0.3903634559702187,-0.543
-0.8230530775252696,-1.05252683
-0.2030516781082281,0.48395404
-0.6448661560163553,-0.656
-1.1382533892987747,-1.10193347
-0.9222498385074474,-0.96498014
-0.19674812445689893,-0.47175002
-0.2989377088667138,-0.85314334
-0.8583920494282249,-1.011
-1.209114899291761,-1.0563312
-0.07356899281050122,-0.283
-0.6032859796877941,-0.51163341
-0.7610857190655631,-0.518
-0.1163519362320784,-0.377
-0.5334781438680043,-0.424
-0.6470030624145493,-0.86653899
-0.8356562510029653,-0.55721703
-0.22981495886538816,-0.134
-0.4242311489870616,-0.50253835
-0.7813757399122374,-0.4781702
-0.863506127516569,-0.637
-0.985927187748282,-1.05904721
-1.0232385292574038,-0.73248494
-1.0316736728932403,-1.16814704
-0.00836184115592209,-0.138
-1.0849635310960077,-1.0971139
-0.5262723079248,-0.86411942
-0.7535827788200842,-0.46217204
-0.7482292258149297,-1.06864214
-1.1753215639854422,-1.02573532
-0.3616938791364648,-0.292
-0.7640405408325939,-0.843
-0.8939145875182559,-1.07266794
-0.36197801527693096,-0.171
0.04898294745563092,-0.077
-0.7989092994380096,-1.017
-1.0392170459510486,-0.6001678
-0.9908546494051413,-1.57199624
-1.1841602920781846,-1.70572679
-0.7731838330285061,-0.95692541
-1.0765283874601708,-0.77285153
-0.7364571290355211,-0.506
-0.4451743033546829,-0.504
-0.836277711807198,-0.76291948
-1.0432861934829751,-0.99616337
-0.47212504617478546,-0.489
-0.7289441958344036,-0.73186329
-0.6082134413446538,-0.98491731
-1.1452107289438764,-0.89496127
-0.929632793930804,-1.07163665
-0.6938871793996833,-1.06156146
-0.1135697227598289,-0.278
-1.1298182456629382,-0.8612572
-0.7280858817094704,-0.66467793
-0.9375647912023743,-0.64171637
-0.5004916678306577,-0.52
-0.24949808728143008,-0.22711286
-0.8833002753731387,-0.94939097
-0.1268879018515192,0.22865765
-0.5506077373094058,-0.42317356
0.03554266398777495,-0.03993522
-0.2065444987440741,-0.108
-0.7240167341775439,-0.5935564
-0.919056944247298,-0.52635541
-0.3758746756037734,-0.59039549
-0.716634588955539,-0.667
-1.155825041088994,-1.05263341
-1.0981881653779362,-1.1107946
-0.85562365778252,-0.92404966
-0.9916084489724013,-0.95737556
-0.8689599803046795,-0.91883635
-0.6401265912176242,-0.603
-0.5080427245961912,-0.274
-0.36800792209762845,-0.086
-0.3720579334063103,-0.374
-0.8746058141372739,-0.67906937
-0.9365901335759061,-0.94305278
-0.7350051290901249,-0.994
-1.0548936509134101,-1.074
-0.8895675700099654,-0.3789491
-1.0004943039237904,-0.99991635
-1.22861142218821,-1.0403769
-0.1848515200130958,-0.04
-0.39501114041619356,-0.194
-0.10063029862174355,-0.286
-0.8355239122399385,-0.55414339
-0.9622033741880553,-1.08335403
-0.9134111104147045,-1.1130244
-0.876342935728037,-1.07631424
-0.560404111596581,-0.523
-0.9667009686174715,-1.17110452
-0.09083392433456838,0.30436329
-0.788633687437025,-0.25614808
-0.9367064770774407,-0.79596622
-0.9755396967102143,-0.97658383
-1.1025351828862267,-1.12678703
-0.17256112054436956,-0.13463746
-1.1220317057826752,-1.12531649
-0.38786504101173547,-0.35148528
-0.7709650242401893,-0.651
-0.9112379292452748,-1.015
-0.7363326213711265,-0.654
-0.133616867756146,0.2249784
-0.9472044457210234,-1.01087654
-1.0199908268202393,-1.1515799
-0.43913857013743884,-0.544
-1.1308704338754176,-0.91153214
-0.5504028018426834,-0.677
-0.7092796626806215,-1.02746434
-1.038631012538342,-0.81151515
-0.814617933889433,-0.94328199
-0.7296625680101383,-0.86200774
-0.7023223230355198,-0.93784873
-0.7829878536044306,-0.93114353
-0.6622570991146808,-0.82555587
-0.44363501255631865,-0.35
-1.0225133436162528,-1.2798031
-0.45411753874185123,-0.562
-0.43720611120424824,-0.544
-0.30239138498837725,-0.49826842
-0.3088764401416437,-0.32002169
-0.7943008886393059,-0.37604277
-1.0915322124568148,-1.0971139
-0.7955097165458627,-1.07631424
-0.21873132060218747,-0.42799025
-0.6865974638420269,-0.559
-0.92978898687943,-0.8781954
-0.2696409078062736,-0.85314334
-0.6918254469335059,-1.05252683
-1.01844294356567,-0.73248494
-0.7442409595655715,-0.71
-0.6887991162193412,-0.86200774
-0.6200836205306066,-0.385
-0.8022480335825337,-0.50047595
-0.5806709689525533,-0.719
-0.6647200933708817,-0.93784873
-0.6366494637949556,-0.383
-0.3645686373157311,-0.543
-0.8890844874611652,-0.60900685
-0.8476637496186088,-1.01087654
-0.4072873739479759,-0.194
-0.8853075505363295,-0.995
-0.5666094116441851,-0.547
-0.7875625716026349,-0.38849717
-0.4252338632201287,-0.229108
-0.6967462611625681,-0.28636235
-0.8512553667562122,-0.3789491
-0.5095875442987872,-0.52
-0.6820651798310315,-0.371
-0.6953150940920931,-1.06156146
-0.8181085246435442,-0.637
-0.9399093234424516,-0.95737556
-0.6985637639701769,-0.73186329
-0.5930619915502113,-0.5935564
-0.42467013357061845,-0.489
0.03200894028253387,-0.03993522
-1.2348631915491257,-1.70572679
-0.05622224470259507,0.44061743
-0.8336112348965816,-1.006
-1.032385337058383,-1.08335403
-0.56066323557339,-0.81
-0.987847942844458,-1.16814704
-0.20311485826712605,-0.22711286
-0.918829074003896,-0.79596622
-0.35391250767322546,-0.292
-0.7185437027620729,-0.54162563
-0.8272092810825891,-0.67906937
-0.8991939861582194,-1.07163665
-0.636335044238491,-0.667
-0.6360049373387602,-0.691
-0.21438841839273692,-0.134
-0.7439794800062529,-1.07266794
-0.7264908477053007,-0.4781702
-0.6424937303631744,-0.503
-0.624731426591846,-0.43437729
-0.6073847527679419,-0.656
-0.6114880715546773,-0.327
-0.29824304294586756,0.48395404
-0.3124819859478052,-0.377
-0.06174172506308384,-0.283
-0.9513480192309665,-0.99991635
-0.918911802118541,-1.054
-0.7475710971438554,-0.76291948
-0.8301751173176575,-0.59782552
-0.8442488886863764,-0.55721703
-0.28651933895942516,-0.171
-0.17540056471411436,-0.54790107
-1.131178921936769,-0.91153214
-1.1436862455295618,-1.05263341
-0.7363628411474306,-0.46217204
-0.7224204476547165,-0.94328199
-0.40283130287118407,-0.504
-0.67923284039572,-1.026
-0.2776796324583177,-0.108
-0.32595733649887926,-0.59039549
-1.3380556512761408,-1.0403769
-0.7043668028508359,-1.06864214
-1.2343713816637836,-1.02573532
-0.9287010674460268,-1.06798906
-0.8801402405385694,-1.015
-0.4751977881804059,-0.274
-0.6638457527637538,-0.603
-1.247370515141919,-1.0563312
-0.6714584104075527,-0.98491731
-0.5798227246661547,-0.556
-0.10227508939111729,-0.286
-0.699073400436637,-0.651
-0.7168741264436287,-0.95692541
-0.7489008015264904,-1.017
-0.8004305307749249,-0.50947717
-0.49427629071629386,-0.43
-0.5061523231042004,-0.15171683
-0.7366753827902643,-0.473
-0.9558803032419609,-0.94305278
-1.0435935930548084,-1.08613209
-0.565956637987588,-0.51163341
-0.43171891837339693,-0.35148528
-1.2019547991058426,-2.5721744
-0.9633953245488165,-1.032
-0.09083353794921933,0.30436329
-0.7214064104546241,-1.02746434
-0.835156426025816,-0.96498014
-0.34475688213472644,-0.086
-0.25474814232535614,-0.04
-1.1221272131780267,-0.77285153
-0.82501679783367,-0.92404966
-1.0445342599282004,-0.81151515
-0.8346646161404738,-1.1130244
-1.0982705294934867,-1.57199624
-0.4970515666651565,-0.424
-0.8521960336296042,-0.94939097
-0.395845822506077,-0.47722466
-0.6326785715350738,-0.69422387
-0.32822074923114286,-0.163
-1.1261976132286096,-0.99616337
-0.9304017408096037,-0.52635541
-0.8389554862721784,-1.011
-0.9227890831658065,-1.016
-1.1482185295405563,-0.87099675
-0.6928768641597713,-0.654
-0.5758314177213997,-0.523
-0.08554013553502138,-0.278
-0.46708000174749564,-0.37
-0.5746714975181124,-0.836
-0.7534330855374858,-0.994
-1.040001975917205,-1.12678703
-0.09731665453670857,-0.138
-0.5018889483600928,-0.86411942
-0.26623808101641977,-0.47175002
-0.1219408146891654,-0.077
-0.4965955459458957,-0.417
-1.0274946523244122,-0.70610557
-0.6281292077571656,-0.503
-0.8112668123707669,-0.59782552
-0.6416350955820511,-0.54162563
-0.6330624109618528,-0.37604277
-0.939188157955348,-0.95737556
-0.4547385181860566,-0.562
-0.3534374791366295,-0.63449428
-1.0291122250263056,-1.074
-0.7101406316341761,-0.994
-0.4221193267112682,-0.16453762
-0.5676397946457561,-0.383
-0.34663948238028475,-0.35148528
-1.3118253548679624,-1.02573532
-0.8277147121239974,-0.96903447
-0.03013255801988013,0.44061743
-0.447752796549187,-0.15171683
-1.1940379947508637,-1.70572679
-1.2710757678954954,-1.12531649
-0.6714388737208958,-0.843
-0.22803179767851844,-0.134
-0.37897073258027003,-0.194
-1.0187961630385214,-1.1130244
-1.1207439039534393,-0.87099675
-0.7017378485931745,-0.43518893
-1.014224145635076,-1.57199624
-0.6015982670585718,-0.677
-1.1534234984414748,-1.10193347
-0.4971537144617102,-0.51163341
-0.7898703914369563,-1.07266794
-0.16535114733821565,-0.286
-0.7203511616905169,-0.28636235
-0.774455753874598,-1.015
-0.3956463980463667,-0.229108
-0.4662391729867732,-0.52
-0.5762886462664931,-0.537
-0.6498972871025015,-0.2407627
-0.8026941277505686,-0.55414339
-0.7787794169187503,-0.81424767
-0.5737198051188042,-0.547
-0.5466777934833646,-0.719
-0.9235265362346401,-0.92404966
-0.9767426887833199,-1.054
-0.8306199784094233,-1.01087654
-0.6452668518676585,-1.02746434
-0.0198691066440988,-0.03993522
-0.14058445100596728,-0.283
-0.1361274347605983,-0.54790107
-0.5044606928420339,-0.82555587
-1.0718086087481922,-0.8612572
-0.5914690318742677,-0.86200774
-0.8684642990964644,-0.94939097
-1.0310590217757252,-0.77285153
-0.19195807729551273,-0.85314334
-0.7294666311718134,-0.651
-0.2142710440036275,-0.377
-0.5526855918842211,-0.556
-0.8603943066120339,-1.07631424
-0.6289641177990104,-0.385
-0.6831339770748919,-0.56
-0.7297676384258329,-0.66467793
-0.2314599878601129,-0.04
-0.7721266731051726,-0.67906937
-1.0115024440158855,-1.032
-0.36709032447211065,-0.292
-0.9068828390236336,-0.995
-0.9010088029214218,-0.96498014
-0.7211949538056346,-0.73186329
-0.8195290038912173,-0.8781954
-0.16202471234513993,-0.22711286
-0.8196447196395669,-1.05252683
-0.41103521786557806,-0.50253835
-0.5053505352781356,-0.42317356
-0.1878710170543174,0.2249784
-1.1126739114690078,-1.0971139
-0.952205206813133,-1.006
-0.41187943285859685,-0.274
-0.6547437909035208,-0.473
-0.09764275988295523,-0.13463746
-0.5561460081387821,-0.656
-1.0828995832663981,-1.05263341
-0.6448550788431726,-0.749
-0.7611007486629839,-0.50947717
-0.45259930035020624,-0.489
-0.6869085530983732,-0.93114353
-0.09355569964175992,-0.42799025
-0.9417583898938888,-0.97658383
-1.0421499962939311,-1.12678703
-0.7705172253982999,-0.4781702
-0.2304427521731558,0.48395404
-1.054973732607543,-2.5721744
-1.1236491702388651,-1.0563312
-0.7912374447594139,-1.011
-0.5561159683212318,-0.327
-0.2796962366840896,-0.0479683
-0.7380298299462833,-0.94328199
-0.6371968593832271,-0.93784873
-0.7238904242811959,-0.654
-0.8602592159489548,-0.91883635
-0.4269658305122874,-0.544
-1.1532884077783967,-0.91153214
-0.9726307665474909,-1.05904721
-0.6379089147628725,-0.5
-0.6504179264559578,-1.026
-0.8363483027821816,-1.02618987
-1.0284276976633802,-1.016
-0.2563400297576983,-0.59039549
-0.7166109504124929,-0.667
-0.7119965183501327,-0.69422387
-0.9092138860689314,-0.94305278
-0.39621781113788845,-0.374
-0.739582169280216,-0.55721703
-0.6365111710179359,-0.603
-0.9011438935845009,-1.07163665
-0.5176917722177867,-0.37
-0.4887990711213259,-0.86411942
-0.1853809192715321,-0.47175002
-0.11509728626015381,-0.077
-0.8713695653818903,-0.99991635
-0.23654764255309146,-0.108
-0.5987760102545914,-0.25614808
-0.5831143885338834,-0.43437729
-0.8162465193806772,-0.637
-0.6722963109471349,-1.017
-0.7619445407781016,-0.50047595
-0.7527461053225997,-0.46217204
-0.979937744927815,-1.08613209
-0.9318811795750239,-0.60900685
-0.9820472432828078,-0.79596622
-1.0595457500109884,-1.17110452
-0.4441939218018405,-0.504
-0.7684077270433072,-0.3789491
-1.013380353519958,-0.6001678
-1.0799943169809723,-0.81151515
-0.49187264282469245,-0.424
-0.6363152322770773,-0.371
-0.6659735284442077,-0.553
-0.7164166092816258,-1.017
-0.22318788725216354,-0.04
-0.5095574584765186,-0.374
-0.9512506093899322,-0.8781954
-1.1392603175431653,-1.10193347
-0.5052564381739879,-0.49826842
-1.065961861883431,-1.12531649
-0.8506818302408732,-0.50947717
-0.9579965366687686,-1.05904721
-0.6405879787803306,-0.56
-0.6482103214290404,-1.06156146
-0.8306875667812808,-0.50047595
-0.8187634044757619,-1.07266794
-0.07085150563791309,-0.138
-0.5928165709123627,-1.026
-0.6014250038054403,-0.523
-0.1636440509871635,-0.377
-0.5494716523512779,-0.6900878
-1.0411196746931592,-0.87099675
-0.6718698101300644,-0.82555587
-0.4529498680467947,-0.562
0.03093227334535875,-0.03993522
-0.7823760505461284,-1.006
-1.1052944467340984,-1.08335403
-0.46858773716879654,-0.292
-0.2624027358622296,0.48395404
-0.0987106674380076,-0.13463746
-1.0486868563043759,-0.99616337
-0.6289683585822292,-0.537
-0.8880795077274612,-0.995
-1.0585653158178272,-0.77285153
-0.08523771696431082,-0.286
-0.6535124043334264,-0.5
-0.9615398984145438,-1.16814704
-0.797189678962333,-0.93114353
-0.9338049682652643,-0.94305278
-0.5476415422799805,-0.51163341
-0.5775823423635842,-0.229108
-0.6747915211835469,-0.66467793
-1.1157226923377976,-2.5721744
-0.6217975565408747,-0.54162563
-0.8449447587009531,-0.94939097
-0.7146246894391313,-1.011
-0.8697869458912244,-1.1130244
-0.9964838236043843,-0.99991635
-0.6400451135900687,-0.93784873
-0.33135387501864066,-0.134
-0.7735301902613094,-0.94328199
-0.5629482854451688,-0.656
-0.39494549164662107,-0.35148528
-0.6882284454465539,-0.836
-0.2413259169298385,-0.108
-0.6448241238794705,-0.667
-0.862390399825621,-0.81424767
-0.6334075007389153,-0.677
-0.6947791438219282,-0.625
-0.7699017707620595,-0.749
-0.8537978971972775,-0.979
-1.1299798842574704,-0.89496127
-0.65902660494107,-0.385
-0.6115227174575617,-0.553
-0.6852152373777662,-0.473
-0.7100501463565321,-0.506
-0.4790159827724967,-0.35
-0.6729614111122508,-0.5935564
-0.3599601566463493,-0.59039549
-0.7211578585028589,-0.637
-0.9522594651288485,-0.81151515
-1.014938320467969,-1.12678703
-0.19007683167263334,-0.54790107
-0.6888333925742973,-0.37604277
-0.7636517307478581,-0.4781702
-0.7123710177796649,-0.38849717
0.009453994799591747,0.22865765
-0.36000062856480497,-0.544
-0.7007493823744451,-0.371
-1.0475073650198468,-1.1515799
-0.4337883200756081,-0.543
-0.2876342524567521,-0.22711286
-0.6836882287773687,-0.654
-1.0268624827734874,-1.57199624
-0.32261958745702435,-0.32002169
-1.0822248045188507,-1.08613209
-0.6579821723349708,-1.06864214
-1.1926587395965904,-1.0563312
-0.041393630844238416,0.30436329
-0.7653649824223376,-1.05252683
-1.1548220714477413,-1.02573532
-0.08568844636433237,-0.077
-0.791842149492973,-1.015
-0.8542251919866488,-1.07631424
0.08177989898918803,0.44061743
-0.8691363271044565,-0.60900685
-0.969705106253516,-0.73248494
-1.050400107978855,-1.0971139
-0.8424990376909505,-1.054
-0.6458099315429049,-0.43
-0.6934435356434934,-0.95692541
-0.26878775468410154,-0.163
-0.7441957143196611,-0.25614808
-0.7418273572169696,-0.73186329
-0.32299571261607873,-0.47722466
-0.19243128125635245,0.2249784
-0.6537377539425053,-0.994
-0.9933645949545395,-0.95737556
-0.927574027605476,-0.92404966
-0.8978513586333907,-1.074
-0.19748183080976567,-0.47175002
-0.9586471554555356,-1.17110452
-0.45798420019049413,-0.63449428
-0.6861192949162138,-0.843
-0.8709664371757535,-0.79596622
-0.5211598863583822,-0.424
-0.7657694398330896,-0.43518893
-0.9794769571594459,-0.70610557
-0.41169561365700647,-0.504
-0.3668397987361516,-0.194
-0.4235672694880708,-0.171
-0.4949891161392195,-0.489
-1.147425525382138,-0.8612572
-0.7030905844939692,-0.55721703
-0.761821620676562,-0.28636235
-0.6784051469705972,-0.43437729
-0.17103657162760388,-0.85314334
-1.2436822810120534,-1.0403769
-0.5342428959998902,-0.556
-0.7313090286034551,-0.518
-0.6307646803043729,-1.02746434
-0.6834039150752265,-0.327
-0.6380705270353246,-0.559
-0.5206844220820885,-0.547
-0.12010537706675617,-0.42799025
-0.7833020411672398,-0.91883635
-0.6986566910502541,-0.71
-0.3861713987839672,-0.52
-1.0164342371697872,-1.06798906
-1.1425201483069258,-0.91153214
-1.1172274096166572,-1.08335403
-1.014147075124622,-1.57199624
-0.2994842434576994,-0.171
-0.371928835330686,-0.35148528
-0.2671330584410381,-0.85314334
-1.0546218557611886,-1.06798906
-0.984968754369278,-0.73248494
-1.0059856078065579,-1.2798031
-0.20474970855968522,-0.0479683
-0.8207229613659086,-0.76291948
-0.6261995094994752,-0.503
-0.4666702032378254,-0.49826842
-0.4108715160319809,-0.59039549
-0.589697440067452,-0.95692541
-0.33282254149968793,-0.543
-0.6370688063478456,-0.5
-0.34204882523517366,-0.194
-0.7581174075104391,-0.93114353
-0.675115768683638,-0.38849717
-0.7278180762869702,-0.67906937
-0.6485419546102307,-0.71
-0.6679858795756974,-1.017
-0.713051307459871,-0.654
-0.42116912427123143,-0.50253835
-0.40551521526557366,-0.35
-0.6399197837412327,-0.43437729
-1.0263833250397565,-1.12678703
-0.8107235605382881,-0.55414339
-0.8511983411748543,-0.46217204
-0.6565208289608933,-0.81
-0.11395403265230186,0.22865765
-0.40269708555625616,-0.52
-0.7557714031416705,-0.518
-0.2918183648813777,-0.163
-1.0272122868481253,-1.16814704
-1.0898178407035939,-1.0971139
-0.5626808559145982,-0.51163341
-0.9397719679244498,-1.17110452
-0.760354256597954,-1.07266794
-0.1748395657856303,-0.377
-0.8285690338168354,-0.94939097
-0.5776468417282263,-0.385
-0.8184172123160325,-0.637
-0.7370686825254467,-0.651
-0.7065095975384788,-1.02618987
-0.5905264018758203,-0.93784873
-0.28733946852286874,-0.32002169
-0.5912835357866015,-0.54162563
-0.6308172271427441,-0.603
-0.5241589238748832,-0.274
-0.6668605959712766,-0.559
-0.6612513726078637,-0.371
-0.6491703899797114,-0.417
-0.6390314194301587,-0.656
-0.3747892652802598,-0.504
-0.7959432263005688,-0.28636235
-0.8138855260096536,-0.91883635
-0.6712920077793108,-0.43
-0.2056826718085878,-0.134
-0.23470058426766638,-0.108
-0.9515415212691534,-0.64171637
-0.9133121343972928,-0.979
-0.32628214922416277,-0.22711286
-0.7418725557684747,-0.749
-0.1899829397325874,-0.04
-0.5553304169334146,-0.86411942
-1.002377521779918,-1.1515799
-0.8771664140689808,-1.1130244
-0.4459899959021403,-0.292
-0.6944589991992536,-0.506
-0.9070605551921922,-1.016
-0.6444036149364294,-0.56
-0.7333376724450997,-0.5935564
-0.024296020075876612,0.30436329
-0.88639432611726,-1.07163665
-0.13883626259167547,-0.286
-0.24270459688276702,0.48395404
-0.5953066634308644,-1.02746434
-0.8609215623270159,-1.054
-0.6328722362047912,-0.2407627
-0.8025620932202244,-0.59782552
-0.5994450031046665,-0.37604277
-1.024146475952242,-0.95737556
-0.9143841911114152,-1.032
-0.6742868068752692,-0.43518893
-1.1572036561141068,-0.89496127
-0.4867233446338055,-0.424
-0.6268843494738272,-0.37
-0.8237887722617914,-1.07631424
0.06029334673194153,-0.03993522
-0.586409568837261,-0.383
-0.6773509855092872,-0.66467793
-0.5057584910790496,-0.42317356
-0.11813599312217304,-0.278
-0.7611832184063223,-1.05252683
-0.7203811747922764,-0.691
-0.8833285152213763,-0.3789491
-0.6348561300847235,-0.677
-0.7481180066828195,-0.50047595
-0.6472702227224163,-0.86200774
-0.39612420860474185,-0.15171683
-0.8045302593343013,-1.015
-1.1515944327506937,-1.0563312
-0.014308171763531607,-0.138
-0.8229598104534217,-1.01087654
-0.7885927873193856,-0.69422387
-0.6704960394479702,-0.473
-0.349721752770372,-0.544
-0.44339250187373036,-0.562
-0.9585655197826197,-1.074
-0.6184776552556941,-1.026
-1.1101798620802152,-0.8612572
-0.5874605909799371,-0.82555587
-0.5847849388289967,-0.537
-0.43374801184792133,-0.489
-0.8636196797004425,-0.995
-0.1360664106279632,0.2249784
-0.7790483660070708,-1.006
-0.05147704382014595,-0.42799025
-0.6735951029391103,-0.994
-0.6855124528273508,-0.73186329
-0.99201630190572,-0.92404966
-0.06306917523354372,-0.283
-0.7910989643462969,-0.52635541
-0.7259872334639166,-0.86653899
-0.7189396859274755,-0.94328199
-0.5148556362968488,-0.98491731
-0.3120979495271925,-0.16453762
-0.8764910798651222,-0.96498014
-1.2684065902217214,-1.0403769
-0.4091185259320067,-0.086
-1.0767526289800906,-2.5721744
-0.9993667408869031,-0.60900685
-1.0799145944514565,-0.70610557
-0.6890167352467973,-0.836
-0.5169033209697727,-0.15171683
-0.8757735949247571,-1.01087654
-1.1593981057990979,-0.89496127
-0.6966373182112031,-0.28636235
-0.5564247167060925,-0.489
-0.9519447164126209,-1.06798906
-0.5247662966422268,-0.63449428
-0.4988913287844561,-0.50253835
-0.8326340486199122,-0.94939097
-1.0085558526498302,-1.08335403
-1.0310433874853535,-0.73248494
-0.8892451848571215,-0.94305278
-0.15863500791529006,-0.377
-0.8433133242464743,-0.55414339
-0.7015255642746112,-0.691
-0.9667902391531813,-1.05904721
-0.6611414322380122,-0.537
-0.4910283531120001,-0.42317356
0.006460263961957757,-0.283
-0.41350778530837573,-0.543
-0.899369952600316,-0.96498014
-0.8175016027805855,-0.81424767
-0.8873515360663369,-0.52635541
-1.3528209130058784,-1.0403769
-0.7370682751644031,-0.43518893
-0.9323847311619673,-0.99991635
-0.6232162692054084,-0.327
-0.7017917045320106,-1.02746434
-0.4119672694209866,-0.292
-0.6875182639852309,-0.5
-0.6754102753592273,-0.66467793
-0.4863507648565033,-0.656
-1.296209776768669,-1.02573532
-0.15568920388411822,-0.42799025
-1.2261340097795026,-1.70572679
-1.1134662451884516,-2.5721744
-1.0461758333246802,-0.81151515
-0.910179102915972,-0.60900685
-0.5933160918360807,-0.54162563
-0.895214511738792,-1.02618987
-0.7606646328399611,-0.67906937
-0.6645118904752403,-0.603
-0.6251806592334352,-0.86653899
-0.5110673718012606,-0.37
-1.0175835078575028,-1.08613209
-0.7532484544484124,-0.50947717
-1.0568551089512432,-1.57199624
-0.8691529184106912,-0.654
-0.5579319984508482,-0.86200774
-0.9163197399354681,-1.006
-0.7886325478336449,-0.59782552
-0.6083334486884819,-0.836
-0.7320214115964356,-0.4781702
-0.6165882428276248,-0.82555587
-0.8741127390177947,-0.8781954
-0.5657949741233024,-0.51163341
-0.2992977891519679,-0.32002169
-0.6216824508782048,-1.026
-0.6400261819739939,-0.5935564
-0.16306497145043952,-0.22711286
-0.9609723716202936,-0.95737556
-1.089315379629526,-1.12678703
-0.6762738780773381,-0.553
-0.4393948503899585,-0.49826842
-0.7685276085124162,-1.06864214
-1.082667992063901,-1.1515799
-1.0260568558266918,-1.17110452
-0.47765106877732144,-0.719
-0.8042930373589261,-0.995
-0.5509494513827429,-0.86411942
-0.7449312508368573,-0.95692541
-0.8040417231527348,-0.3789491
-0.09825100328249281,-0.138
-0.42468057676933846,-0.47722466
-0.14782622821166402,0.2249784
-1.0587854687756222,-0.99616337
-0.8726774199645266,-0.518
-0.8427588163631077,-0.91883635
-1.0002439727140349,-0.64171637
-0.786702188009266,-0.50047595
-0.6939287288595564,-0.55721703
-0.8861613871786567,-1.074
0.017269043665584682,0.30436329
-0.18465740775324946,-0.077
-0.6870163909001654,-1.017
-0.5724230005010842,-0.81
-0.9919141128028723,-1.032
-0.7077644868893618,-0.843
-1.096585652856569,-1.0971139
-0.33790020329313464,-0.04
-0.6429848606517794,-0.625
-0.7474305869155256,-0.76291948
-0.4315318747175043,-0.229108
0.009406067993130485,-0.03993522
-0.705049171255375,-0.371
-0.7760229123827029,-0.96903447
-0.4563389968332032,-0.544
-1.1027869695618895,-0.87099675
-0.5389168838806135,-0.52
-0.7132438412271043,-0.71
-0.6558598439213643,-0.98491731
-1.074194644094712,-1.1107946
-0.7093505770534465,-0.749
-1.0234013753903906,-0.6001678
-0.5167159860383732,-0.504
-0.013093744135586505,-0.13463746
-0.6087252671551706,-0.25614808
-0.7670386775102038,-0.56
0.1691039144989679,0.22865765
-0.6619096249505274,-0.559
-0.5575774777605265,-0.417
-0.8830438681518009,-1.07163665
-0.9694457195894834,-1.1130244
-0.5430864757102887,-0.43437729
-0.6866592586926847,-1.06156146
-0.6011790675085349,-0.6900878
-0.7384029317078538,-0.46217204
-0.7608904665433762,-0.94328199
-0.23727489339485963,-0.47175002
-0.9879768459646119,-1.054
-0.7183176787565513,-0.473
-0.7300910517720567,-0.73186329
-0.8960035826202128,-1.016
-0.44755391572134684,-0.374
-0.6787962830202305,-0.2407627
-0.8953335801754125,-0.92404966
-1.1531967890937782,-1.10193347
-0.6908194506783163,-0.93114353
-0.22941191772240543,-0.0479683
-0.7005567552373391,-1.011
-1.002174332538413,-1.2798031
-0.9455631963012037,-0.79596622
-0.615977764339882,-0.383
-0.8264327319145917,-1.07631424
-0.41681760109688426,-0.16453762
-0.49778353184713886,-0.562
-0.22736704848942413,-0.134
-0.3215223966880858,-0.35
-0.6865528786890533,-0.553
-0.9093820537451891,-1.07631424
-1.1252491217935816,-1.0403769
-1.0834491980794292,-1.074
-0.8568742337791235,-0.79596622
-0.4524844947856881,-0.424
-0.8654335247235596,-0.77285153
-0.6706702639246909,-0.749
-1.0224736094464228,-1.05263341
-0.9264967720190609,-1.07163665
-1.061969372876761,-0.70610557
-0.16894315682543226,-0.47175002
-0.5959745925808977,-0.43437729
-0.5452523722298412,-0.537
-0.6363099114475244,-0.54162563
-0.38155309502512447,-0.229108
-0.9236535622507316,-0.94305278
-0.789164280145755,-0.93784873
-0.7718982003456301,-0.38849717
-0.7163437277065849,-0.86653899
0.20041449472049866,0.22865765
-0.04637633779016337,-0.42799025
-0.5895264928267498,-0.556
-0.9788889039447213,-0.96498014
-0.7566790465732125,-0.66467793
-0.6458404918670713,-0.327
0.0581535182148647,0.30436329
-0.9051637039666396,-1.07266794
-0.44800256917519876,-0.544
-0.7847945688409528,-0.43518893
-0.8049087816142544,-0.651
-0.5702486934847815,-0.603
-0.15727665995214313,-0.04
-0.6306265159141993,-0.86200774
-1.0079392163137983,-1.17110452
-0.8739889520529953,-1.2798031
-0.24395261585785288,-0.543
-0.40679278927290063,-0.194
-0.5941302469832914,-0.81
-0.7789983672426244,-0.64171637
-0.8027058959236655,-0.93114353
0.014784917950648513,-0.077
0.1831484149203737,0.44061743
-0.7481236192437763,-0.94328199
-0.6228517572920773,-0.994
-0.12637159067251869,-0.108
-0.4580132732086546,-0.63449428
-0.5688822090148222,-0.836
-0.44383557700284726,-0.52
-0.5584340449110261,-0.37604277
-0.8854202747935416,-0.6001678
-0.9924625226772297,-1.16814704
-0.5028082630474273,-0.274
-0.8165389149124973,-0.92404966
-0.7505731642543285,-0.46217204
-0.8922673354713173,-1.05252683
-0.8586711303452867,-1.06864214
-0.6937032333643711,-0.559
-0.45678141369697434,-0.562
-0.8690935766636247,-0.979
-0.6450205639182145,-1.06156146
-0.6277544841180895,-0.2407627
-0.8092941071734261,-1.006
-0.5872273225220965,-1.026
-0.5206228353679689,-0.37
-0.7863210703774248,-1.02746434
-0.44161513780155204,-0.719
-0.9617741856708495,-0.91883635
-0.14412878917750271,-0.59039549
-1.0790840911506328,-0.91153214
-0.6535759912476493,-0.6900878
-0.559478323649993,-0.417
-0.7130326165844569,-0.55414339
-0.8414050505451618,-0.67906937
-0.7152926418462697,-1.011
-0.7852250875876301,-0.50947717
-0.6823367607979787,-0.25614808
-1.0238487494566426,-0.89496127
-0.48308228769809514,-0.383
-0.3968520174678418,-0.171
-0.2333023293230312,-0.35148528
-0.5313416613449498,-0.71
-0.17846001900129504,-0.163
-0.826560186973551,-0.506
-0.9271319316317141,-1.032
-0.05045071281644464,0.48395404
-0.4493643554258133,-0.47722466
-0.8587888660409506,-1.054
-0.7652383375176481,-0.81424767
-1.0250539345876701,-1.1515799
-0.44074719340852964,-0.15171683
-0.6132406723810226,-0.86411942
-0.6478925957143242,-0.51163341
-0.029110257990038413,0.2249784
-0.8825482429974314,-0.8612572
-0.9222784222405114,-1.01087654
-1.1081344035197098,-1.02573532
-0.6996028405981036,-0.82555587
-1.005358891172551,-1.12678703
-0.8911036703268671,-0.99616337
-0.4566514869580396,-0.489
-0.7592286868113494,-0.56
-0.35906294435795827,-0.292
-0.7334584459804567,-0.69422387
-0.41620525113630125,-0.086
-0.6680883698713407,-0.677
-0.889424125702988,-0.96903447
-0.7823530557915199,-0.8781954
-0.9960036222185931,-0.97658383
-0.16139486897762767,-0.22711286
-0.8531423519223198,-0.637
-1.091019685245838,-1.12531649
-0.25056840912315614,-0.32002169
-0.8020606486410777,-0.95692541
-0.7737937648470843,-0.4781702
-0.8683055565196698,-1.05904721
-1.0067340311827708,-0.87099675
-0.8117806987539034,-0.518
-0.8198206141975373,-0.76291948
-0.548389891486242,-0.504
-0.0677167926165696,-0.54790107
-0.8483188064496878,-0.73248494
-0.5365873869291198,-0.547
-0.5743383384605361,-0.5
-0.9065388439768598,-0.94939097
-1.0395883277202946,-1.0563312
-0.851190838245798,-0.60900685
-0.7909084831209561,-0.59782552
-0.989619312908899,-0.81151515
-0.9371305196773205,-1.1107946
-0.41644609483034767,-0.374
-0.8697986316523574,-0.995
-0.902901083129577,-0.95737556
-1.0961988094245045,-1.70572679
-0.4027753993289833,-0.543
-0.40174743449541683,-0.47722466
-0.48183377101282776,-0.16453762
-1.0059136618157298,-1.08335403
-0.5747680203372267,-0.86411942
-0.6304728653566842,-0.843
-1.0110665698206018,-0.77285153
-0.39206208874378223,-0.562
-0.5795161240203308,-0.523
-0.6496195704002492,-0.86653899
-0.1856143900309375,-0.42799025
-0.5790770476901734,-0.417
-0.9228622424201269,-0.64171637
-0.5311727505273502,-0.51163341
-1.080599972185051,-0.91153214
-0.49346509259000815,-0.656
-0.5040892331839837,-0.52
-0.6112590870447612,-0.86200774
-0.6378304726839081,-0.503
-0.8151435762556956,-0.60900685
-0.8299269232223665,-1.006
-0.08249258265303272,-0.077
-0.5270896881361784,-0.229108
-0.9547303305085739,-0.979
-0.8619310231957238,-0.79596622
-0.7574417821009014,-0.38849717
-0.2252241651993545,-0.47175002
-0.3637940169384182,-0.292
-0.6806933715776902,-1.02746434
-0.4366099985603489,-0.274
-0.5773614687565454,-0.537
-0.6528117475303992,-0.66467793
-1.0070125643099734,-0.70610557
-0.9360914504521265,-1.016
-0.8975106951157548,-0.995
-0.9964496502952045,-1.57199624
0.02082959180090871,-0.03993522
-0.5591350338611338,-0.719
-0.9064789330122887,-0.95737556
-0.42342903440372215,-0.544
-0.7062209205179677,-0.654
-1.0382516051811157,-0.87099675
-0.7232069782753268,-0.69422387
-0.7940636766619535,-0.43518893
-0.5877718788851185,-0.383
0.19967270303885343,0.44061743
-1.070037058170282,-2.5721744
-0.6060243005903709,-0.5935564
-0.550066735463381,-0.547
-1.0536537487624438,-1.1107946
-0.6222905456801646,-0.625
-0.7873303746298808,-0.50047595
-0.40061398933103476,-0.194
-0.9714861698585358,-1.032
-1.145122981623043,-1.0563312
-0.6121017468457124,-0.677
-1.0846539776956794,-0.8612572
-0.05925674471650222,0.30436329
-0.9623183920058516,-0.6001678
-1.1369332198112057,-1.12531649
-0.6268171346368883,-0.327
-0.8019472941552781,-0.81424767
-0.5778107401890855,-0.43
-0.25749752693327377,0.48395404
-1.1118390130561933,-0.89496127
-0.2250913017156959,-0.59039549
-0.6894987116457854,-0.691
-0.7555449216407126,-0.96903447
-0.6580465339847885,-0.54162563
-0.7283598862802005,-0.94328199
-0.3014819652031173,-0.32002169
-0.6295738337710279,-0.559
-0.6244737766551873,-0.56
-0.7335946727345899,-0.2407627
-1.0349136791869142,-1.0971139
-0.7230417385816272,-1.06864214
-0.38886991161363316,-0.374
-1.0715355737479655,-1.05263341
-1.009105838945879,-0.99616337
-0.7999865632805543,-0.59782552
-0.5354817778802969,-0.81
-0.4947952628540966,-0.556
-0.84453447309712,-0.3789491
-0.8587388460655747,-0.92404966
-0.7709470652220425,-0.76291948
-0.8887309841307731,-1.05904721
-0.8609177825049583,-0.55414339
-0.5921540717002278,-1.026
-0.660573016600086,-0.5
-0.9374791619455243,-0.73248494
0.1195863665214425,0.22865765
-0.6388914166917807,-0.98491731
-0.6973596573469649,-0.93114353
-0.7930666434358775,-0.518
-0.6631459879346471,-0.667
-0.7189777532091917,-0.37604277
-0.508587171535166,-0.63449428
-0.9670440974802013,-1.074
-0.6627581582866879,-0.71
-0.7888288902075642,-1.07266794
-0.4279174132929713,-0.35
-0.9360037059577193,-0.99991635
-0.9323262539406523,-1.06798906
0.020876723403969066,-0.13463746
-0.058123299552119256,-0.286
-0.6628578023378795,-0.371
-0.8624162980826418,-1.01087654
-1.0014013520209577,-1.17110452
-0.23780726454435186,-0.377
-0.9646641973060381,-0.81151515
-0.9027197373908677,-0.94305278
-0.6778012335184931,-1.017
-0.4492699598383547,-0.504
-0.06356577206944802,-0.278
-0.653508336217179,-1.06156146
-0.2794327198577182,-0.134
-0.6109289702237328,-0.424
-0.7139773401445426,-0.95692541
-0.4470033516187675,-0.49826842
-0.7498405867049556,-0.506
-0.810895935582896,-1.015
-0.8714806965197255,-0.96498014
-0.6108555327666361,-0.385
-0.03136328271250566,-0.283
-1.2105206276862832,-1.02573532
-0.6419341365436395,-0.603
-0.5806495691847147,-0.42317356
-0.7263991554054767,-0.4781702
-0.6773554455834905,-0.93784873
-0.6796117084654485,-0.28636235
-0.5302687714434713,-0.489
-0.3025254280476588,-0.163
-0.8993818113966681,-1.07163665
-0.20840334713569586,-0.04
-0.9355184310708013,-1.2798031
-0.22409072003497155,-0.108
