,Metal Symbol,M Number,X Symbol,X Number,Metal Sym Number,Metal Group,Metal Row,Metal Mass,Metal Density,Metal Inter-atomic Distance,Metal Covalent Radius,Metal First Ionization Energy,Metal Electron Affinity,X Sym Number,X Group,X Row,X Mass,X Density,X Inter-atomic Distance,X Covalent Radius,X First Ionization Energy,X Electron Affinity,a,b,c,space_group
MoB,Mo,1,B,1,42,6,5,95.94,10.22,2.498039380502796,1.54,7.09243,0.74733,42,13,2,10.811,2.34,1.972269889478773,0.84,8.298019,0.27972325,3.13188,3.13188,8.811187301545463,141
MoB2,Mo,1,B,2,42,6,5,95.94,10.22,2.498039380502796,1.54,7.09243,0.74733,42,13,2,10.811,2.34,1.972269889478773,0.84,8.298019,0.27972325,3.0304928158258355,3.0304928158258355,3.349321,191
Mo2B,Mo,2,B,1,42,6,5,95.94,10.22,2.498039380502796,1.54,7.09243,0.74733,42,13,2,10.811,2.34,1.972269889478773,0.84,8.298019,0.27972325,4.601682852872197,4.601682852872197,4.601682852872197,140
MoC,Mo,1,C,1,42,6,5,95.94,10.22,2.498039380502796,1.54,7.09243,0.74733,42,14,2,12.0107,2.2,2.085122400680275,0.76,11.260288,1.262113612,3.0993409458221923,3.0993409458221923,3.0993409458221923,225
Mo2C,Mo,2,C,1,42,6,5,95.94,10.22,2.498039380502796,1.54,7.09243,0.74733,42,14,2,12.0107,2.2,2.085122400680275,0.76,11.260288,1.262113612,2.884921359196122,2.884921359196122,5.485081,187
MoN,Mo,1,N,1,42,6,5,95.94,10.22,2.498039380502796,1.54,7.09243,0.74733,42,15,2,14.0067,0.808,3.064722544994379,0.71,14.53413,-0.07,5.358692325532042,5.358692325532042,5.358692325532042,74
MoN2,Mo,1,N,2,42,6,5,95.94,10.22,2.498039380502796,1.54,7.09243,0.74733,42,15,2,14.0067,0.808,3.064722544994379,0.71,14.53413,-0.07,4.348053,4.348053,2.76746,127
Mo2N,Mo,2,N,1,42,6,5,95.94,10.22,2.498039380502796,1.54,7.09243,0.74733,42,15,2,14.0067,0.808,3.064722544994379,0.71,14.53413,-0.07,5.043594590258618,5.043594590258618,5.043594590258618,141
MnB,Mn,1,B,1,25,7,4,54.938049,7.33,2.3174271661174166,1.39,7.434038,-0.52,25,13,2,10.811,2.34,1.972269889478773,0.84,8.298019,0.27972325,6.770085,6.770085,3.960809,138
MnB2,Mn,1,B,2,25,7,4,54.938049,7.33,2.3174271661174166,1.39,7.434038,-0.52,25,13,2,10.811,2.34,1.972269889478773,0.84,8.298019,0.27972325,2.9889825685851696,2.9889825685851696,2.94751,191
Mn2B,Mn,2,B,1,25,7,4,54.938049,7.33,2.3174271661174166,1.39,7.434038,-0.52,25,13,2,10.811,2.34,1.972269889478773,0.84,8.298019,0.27972325,4.128524332184927,4.128524332184927,4.128524332184927,140
Mn3B4,Mn,3,B,4,25,7,4,54.938049,7.33,2.3174271661174166,1.39,7.434038,-0.52,25,13,2,10.811,2.34,1.972269889478773,0.84,8.298019,0.27972325,6.720769374577065,6.720769374577065,6.720769374577065,71
Mn5C2,Mn,5,C,2,25,7,4,54.938049,7.33,2.3174271661174166,1.39,7.434038,-0.52,25,14,2,12.0107,2.2,2.085122400680275,0.76,11.260288,1.262113612,6.227861717358615,6.227861717358615,4.997432957420039,15
MnN,Mn,1,N,1,25,7,4,54.938049,7.33,2.3174271661174166,1.39,7.434038,-0.52,25,15,2,14.0067,0.808,3.064722544994379,0.71,14.53413,-0.07,2.9255736969862856,2.9255736969862856,2.9255736969862856,225
Mn2N,Mn,2,N,1,25,7,4,54.938049,7.33,2.3174271661174166,1.39,7.434038,-0.52,25,15,2,14.0067,0.808,3.064722544994379,0.71,14.53413,-0.07,2.8242717408877285,2.8242717408877285,4.401665,164
Mn3N4,Mn,3,N,4,25,7,4,54.938049,7.33,2.3174271661174166,1.39,7.434038,-0.52,25,15,2,14.0067,0.808,3.064722544994379,0.71,14.53413,-0.07,7.828821364591543,7.828821364591543,2.620056,176
FeB,Fe,1,B,1,26,8,4,55.845,7.874,2.2751636270238866,1.32,7.9024681,0.15323634,26,13,2,10.811,2.34,1.972269889478773,0.84,8.298019,0.27972325,3.90014,6.692924,6.692924,138
FeB2,Fe,1,B,2,26,8,4,55.845,7.874,2.2751636270238866,1.32,7.9024681,0.15323634,26,13,2,10.811,2.34,1.972269889478773,0.84,8.298019,0.27972325,2.763627,3.0191978553259804,3.0191978553259804,191
Fe2B,Fe,2,B,1,26,8,4,55.845,7.874,2.2751636270238866,1.32,7.9024681,0.15323634,26,13,2,10.811,2.34,1.972269889478773,0.84,8.298019,0.27972325,4.160264037541247,4.160264037541247,4.160264037541247,140
Fe2C,Fe,2,C,1,26,8,4,55.845,7.874,2.2751636270238866,1.32,7.9024681,0.15323634,26,14,2,12.0107,2.2,2.085122400680275,0.76,11.260288,1.262113612,3.699185957284386,3.699185957284386,2.641804,191
Fe5C2,Fe,5,C,2,26,8,4,55.845,7.874,2.2751636270238866,1.32,7.9024681,0.15323634,26,14,2,12.0107,2.2,2.085122400680275,0.76,11.260288,1.262113612,4.522894,5.004117,11.985526418751911,13
FeN,Fe,1,N,1,26,8,4,55.845,7.874,2.2751636270238866,1.32,7.9024681,0.15323634,26,15,2,14.0067,0.808,3.064722544994379,0.71,14.53413,-0.07,2.885121532248165,2.885121532248165,2.885121532248165,225
FeN2,Fe,1,N,2,26,8,4,55.845,7.874,2.2751636270238866,1.32,7.9024681,0.15323634,26,15,2,14.0067,0.808,3.064722544994379,0.71,14.53413,-0.07,2.576684,3.87171,4.629448,58
Fe2N,Fe,2,N,1,26,8,4,55.845,7.874,2.2751636270238866,1.32,7.9024681,0.15323634,26,15,2,14.0067,0.808,3.064722544994379,0.71,14.53413,-0.07,4.347445,4.746325,5.4684,60
NbB,Nb,1,B,1,41,5,5,92.90638,8.57,2.6208243392168558,1.64,6.75885,0.917407,41,13,2,10.811,2.34,1.972269889478773,0.84,8.298019,0.27972325,3.182971,3.317732,4.693352100119913,63
NbB2,Nb,1,B,2,41,5,5,92.90638,8.57,2.6208243392168558,1.64,6.75885,0.917407,41,13,2,10.811,2.34,1.972269889478773,0.84,8.298019,0.27972325,3.1120833048318293,3.1120833048318293,3.337463,191
Nb3B4,Nb,3,B,4,41,5,5,92.90638,8.57,2.6208243392168558,1.64,6.75885,0.917407,41,13,2,10.811,2.34,1.972269889478773,0.84,8.298019,0.27972325,7.445911285460565,7.445911285460565,7.445911285460565,71
NbC,Nb,1,C,1,41,5,5,92.90638,8.57,2.6208243392168558,1.64,6.75885,0.917407,41,14,2,12.0107,2.2,2.085122400680275,0.76,11.260288,1.262113612,2.806433,2.806433,2.806433,221
Nb2C,Nb,2,C,1,41,5,5,92.90638,8.57,2.6208243392168558,1.64,6.75885,0.917407,41,14,2,12.0107,2.2,2.085122400680275,0.76,11.260288,1.262113612,3.106926,4.999598,11.023332,62
NbN,Nb,1,N,1,41,5,5,92.90638,8.57,2.6208243392168558,1.64,6.75885,0.917407,41,15,2,14.0067,0.808,3.064722544994379,0.71,14.53413,-0.07,2.998928145387948,2.998928145387948,5.618403,194
Nb2N,Nb,2,N,1,41,5,5,92.90638,8.57,2.6208243392168558,1.64,6.75885,0.917407,41,15,2,14.0067,0.808,3.064722544994379,0.71,14.53413,-0.07,3.1574200602605917,3.1574200602605917,4.856693,164
WB,W,1,B,1,74,6,6,183.84,19.3,2.510213004823371,1.62,7.86403,0.816268,74,13,2,10.811,2.34,1.972269889478773,0.84,8.298019,0.27972325,3.109849,3.182862,4.550855911401393,63
WB2,W,1,B,2,74,6,6,183.84,19.3,2.510213004823371,1.62,7.86403,0.816268,74,13,2,10.811,2.34,1.972269889478773,0.84,8.298019,0.27972325,3.0223868174912685,3.0223868174912685,3.382029,191
W2B,W,2,B,1,74,6,6,183.84,19.3,2.510213004823371,1.62,7.86403,0.816268,74,13,2,10.811,2.34,1.972269889478773,0.84,8.298019,0.27972325,4.624722445304367,4.624722445304367,4.624722445304367,140
WC,W,1,C,1,74,6,6,183.84,19.3,2.510213004823371,1.62,7.86403,0.816268,74,14,2,12.0107,2.2,2.085122400680275,0.76,11.260288,1.262113612,3.330037361611428,3.330037361611428,3.330037361611428,216
W2C,W,2,C,1,74,6,6,183.84,19.3,2.510213004823371,1.62,7.86403,0.816268,74,14,2,12.0107,2.2,2.085122400680275,0.76,11.260288,1.262113612,3.070045283981655,3.070045283981655,4.678428,164
WN,W,1,N,1,74,6,6,183.84,19.3,2.510213004823371,1.62,7.86403,0.816268,74,15,2,14.0067,0.808,3.064722544994379,0.71,14.53413,-0.07,2.86745,3.459591,4.16358,31
WN2,W,1,N,2,74,6,6,183.84,19.3,2.510213004823371,1.62,7.86403,0.816268,74,15,2,14.0067,0.808,3.064722544994379,0.71,14.53413,-0.07,9.743912,9.743912,3.041,86
W2N,W,2,N,1,74,6,6,183.84,19.3,2.510213004823371,1.62,7.86403,0.816268,74,15,2,14.0067,0.808,3.064722544994379,0.71,14.53413,-0.07,2.8352056354361674,2.8352056354361674,17.656657,164
W3N4,W,3,N,4,74,6,6,183.84,19.3,2.510213004823371,1.62,7.86403,0.816268,74,15,2,14.0067,0.808,3.064722544994379,0.71,14.53413,-0.07,4.227333,4.227333,4.227333,221
ZrB,Zr,1,B,1,40,4,5,91.224,6.506,2.855494700971205,1.75,6.634126,0.433289,40,13,2,10.811,2.34,1.972269889478773,0.84,8.298019,0.27972325,3.473762471741843,3.473762471741843,3.473762471741843,225
ZrB2,Zr,1,B,2,40,4,5,91.224,6.506,2.855494700971205,1.75,6.634126,0.433289,40,13,2,10.811,2.34,1.972269889478773,0.84,8.298019,0.27972325,3.180490747828234,3.180490747828234,3.545484,191
ZrC,Zr,1,C,1,40,4,5,91.224,6.506,2.855494700971205,1.75,6.634126,0.433289,40,14,2,12.0107,2.2,2.085122400680275,0.76,11.260288,1.262113612,3.340612850630854,3.340612850630854,3.340612850630854,225
ZrN,Zr,1,N,1,40,4,5,91.224,6.506,2.855494700971205,1.75,6.634126,0.433289,40,15,2,14.0067,0.808,3.064722544994379,0.71,14.53413,-0.07,3.2076393710966014,3.2076393710966014,5.520387,194
ZrN2,Zr,1,N,2,40,4,5,91.224,6.506,2.855494700971205,1.75,6.634126,0.433289,40,15,2,14.0067,0.808,3.064722544994379,0.71,14.53413,-0.07,3.792659,4.171062,4.370083,59
Zr2N,Zr,2,N,1,40,4,5,91.224,6.506,2.855494700971205,1.75,6.634126,0.433289,40,15,2,14.0067,0.808,3.064722544994379,0.71,14.53413,-0.07,5.437125,5.437125,3.321494,136
Zr3N4,Zr,3,N,4,40,4,5,91.224,6.506,2.855494700971205,1.75,6.634126,0.433289,40,15,2,14.0067,0.808,3.064722544994379,0.71,14.53413,-0.07,6.513337338204586,6.513337338204586,6.513337338204586,227
IrB,Ir,1,B,1,77,9,6,192.217,22.42,2.423641628211529,1.41,8.96702,1.5643615,77,13,2,10.811,2.34,1.972269889478773,0.84,8.298019,0.27972325,3.050359782897912,3.050359782897912,2.719451,187
IrC,Ir,1,C,1,77,9,6,192.217,22.42,2.423641628211529,1.41,8.96702,1.5643615,77,14,2,12.0107,2.2,2.085122400680275,0.76,11.260288,1.262113612,3.277323965287533,3.277323965287533,3.277323965287533,216
IrC2,Ir,1,C,2,77,9,6,192.217,22.42,2.423641628211529,1.41,8.96702,1.5643615,77,14,2,12.0107,2.2,2.085122400680275,0.76,11.260288,1.262113612,3.6529104199184794,3.6529104199184794,7.836791438333996,12
IrN,Ir,1,N,1,77,9,6,192.217,22.42,2.423641628211529,1.41,8.96702,1.5643615,77,15,2,14.0067,0.808,3.064722544994379,0.71,14.53413,-0.07,2.810113903411924,2.810113903411924,3.173385,187
IrN2,Ir,1,N,2,77,9,6,192.217,22.42,2.423641628211529,1.41,8.96702,1.5643615,77,15,2,14.0067,0.808,3.064722544994379,0.71,14.53413,-0.07,3.0932454663944795,3.0932454663944795,3.767014,187
VB,V,1,B,1,23,5,4,50.9415,6.11,2.40118993341677,1.53,6.746187,0.527662,23,13,2,10.811,2.34,1.972269889478773,0.84,8.298019,0.27972325,4.297549562907913,4.297549562907913,2.969258,63
VB2,V,1,B,2,23,5,4,50.9415,6.11,2.40118993341677,1.53,6.746187,0.527662,23,13,2,10.811,2.34,1.972269889478773,0.84,8.298019,0.27972325,2.9982202718154314,2.9982202718154314,3.029774,191
V3B4,V,3,B,4,23,5,4,50.9415,6.11,2.40118993341677,1.53,6.746187,0.527662,23,13,2,10.811,2.34,1.972269889478773,0.84,8.298019,0.27972325,6.9480464179195724,6.9480464179195724,6.9480464179195724,71
VC,V,1,C,1,23,5,4,50.9415,6.11,2.40118993341677,1.53,6.746187,0.527662,23,14,2,12.0107,2.2,2.085122400680275,0.76,11.260288,1.262113612,2.942940239532227,2.942940239532227,2.942940239532227,225
V2C,V,2,C,1,23,5,4,50.9415,6.11,2.40118993341677,1.53,6.746187,0.527662,23,14,2,12.0107,2.2,2.085122400680275,0.76,11.260288,1.262113612,2.893003170997225,2.893003170997225,4.532096,164
VN,V,1,N,1,23,5,4,50.9415,6.11,2.40118993341677,1.53,6.746187,0.527662,23,15,2,14.0067,0.808,3.064722544994379,0.71,14.53413,-0.07,2.9167659749198256,2.9167659749198256,2.9167659749198256,225
V2N,V,2,N,1,23,5,4,50.9415,6.11,2.40118993341677,1.53,6.746187,0.527662,23,15,2,14.0067,0.808,3.064722544994379,0.71,14.53413,-0.07,4.905897743331489,4.905897743331489,4.543337,162
V3N4,V,3,N,4,23,5,4,50.9415,6.11,2.40118993341677,1.53,6.746187,0.527662,23,15,2,14.0067,0.808,3.064722544994379,0.71,14.53413,-0.07,7.840905320442149,7.840905320442149,2.849386,176
RhB,Rh,1,B,1,45,9,5,102.9055,12.41,2.3968376036918784,1.42,7.4589,1.142892,45,13,2,10.811,2.34,1.972269889478773,0.84,8.298019,0.27972325,3.376972398485365,3.376972398485365,4.194574,194
Rh2B,Rh,2,B,1,45,9,5,102.9055,12.41,2.3968376036918784,1.42,7.4589,1.142892,45,13,2,10.811,2.34,1.972269889478773,0.84,8.298019,0.27972325,3.845644,5.399878,6.78834,62
RhC,Rh,1,C,1,45,9,5,102.9055,12.41,2.3968376036918784,1.42,7.4589,1.142892,45,14,2,12.0107,2.2,2.085122400680275,0.76,11.260288,1.262113612,3.253716498290839,3.253716498290839,3.253717205397697,216
RhN,Rh,1,N,1,45,9,5,102.9055,12.41,2.3968376036918784,1.42,7.4589,1.142892,45,15,2,14.0067,0.808,3.064722544994379,0.71,14.53413,-0.07,2.9319220572317404,2.9319220572317404,2.856155,187
RhN2,Rh,1,N,2,45,9,5,102.9055,12.41,2.3968376036918784,1.42,7.4589,1.142892,45,15,2,14.0067,0.808,3.064722544994379,0.71,14.53413,-0.07,4.913133,4.935154,4.9605951825027,14
TaB,Ta,1,B,1,73,5,6,180.9479,16.654,2.622776820118506,1.7,7.549571,0.32312,73,13,2,10.811,2.34,1.972269889478773,0.84,8.298019,0.27972325,4.659807984849269,4.659807984849269,3.17194,63
TaB2,Ta,1,B,2,73,5,6,180.9479,16.654,2.622776820118506,1.7,7.549571,0.32312,73,13,2,10.811,2.34,1.972269889478773,0.84,8.298019,0.27972325,3.096680391970731,3.096680391970731,3.34261,191
Ta2B,Ta,2,B,1,73,5,6,180.9479,16.654,2.622776820118506,1.7,7.549571,0.32312,73,13,2,10.811,2.34,1.972269889478773,0.84,8.298019,0.27972325,4.781624049500651,4.781624049500651,4.781624049500651,140
Ta3B4,Ta,3,B,4,73,5,6,180.9479,16.654,2.622776820118506,1.7,7.549571,0.32312,73,13,2,10.811,2.34,1.972269889478773,0.84,8.298019,0.27972325,7.39626828505977,7.39626828505977,7.39626828505977,71
TaC,Ta,1,C,1,73,5,6,180.9479,16.654,2.622776820118506,1.7,7.549571,0.32312,73,14,2,12.0107,2.2,2.085122400680275,0.76,11.260288,1.262113612,3.4213884866729183,3.4213884866729183,3.4213884866729183,216
Ta2C,Ta,2,C,1,73,5,6,180.9479,16.654,2.622776820118506,1.7,7.549571,0.32312,73,14,2,12.0107,2.2,2.085122400680275,0.76,11.260288,1.262113612,3.1250525021671236,3.1250525021671236,4.97079,164
TaN,Ta,1,N,1,73,5,6,180.9479,16.654,2.622776820118506,1.7,7.549571,0.32312,73,15,2,14.0067,0.808,3.064722544994379,0.71,14.53413,-0.07,5.23348168628352,5.23348168628352,2.925503,189
TaN2,Ta,1,N,2,73,5,6,180.9479,16.654,2.622776820118506,1.7,7.549571,0.32312,73,15,2,14.0067,0.808,3.064722544994379,0.71,14.53413,-0.07,3.1154787855443664,3.1154787855443664,3.79377,187
Ta2N,Ta,2,N,1,73,5,6,180.9479,16.654,2.622776820118506,1.7,7.549571,0.32312,73,15,2,14.0067,0.808,3.064722544994379,0.71,14.53413,-0.07,3.1128615059539673,3.1128615059539673,4.869841,164
TcB,Tc,1,B,1,43,7,5,98,11.5,2.4187580042950745,1.47,7.11938,0.552,43,13,2,10.811,2.34,1.972269889478773,0.84,8.298019,0.27972325,2.8754318624277992,2.8754318624277992,5.945857,194
TcB2,Tc,1,B,2,43,7,5,98,11.5,2.4187580042950745,1.47,7.11938,0.552,43,13,2,10.811,2.34,1.972269889478773,0.84,8.298019,0.27972325,2.9028039946245077,2.9028039946245077,7.472611,194
TcC,Tc,1,C,1,43,7,5,98,11.5,2.4187580042950745,1.47,7.11938,0.552,43,14,2,12.0107,2.2,2.085122400680275,0.76,11.260288,1.262113612,3.276237849271631,3.276237849271631,3.276237849271631,216
TcN,Tc,1,N,1,43,7,5,98,11.5,2.4187580042950745,1.47,7.11938,0.552,43,15,2,14.0067,0.808,3.064722544994379,0.71,14.53413,-0.07,3.246181568430515,3.246181568430515,3.246181568430515,216
TcN2,Tc,1,N,2,43,7,5,98,11.5,2.4187580042950745,1.47,7.11938,0.552,43,15,2,14.0067,0.808,3.064722544994379,0.71,14.53413,-0.07,3.457114349685587,3.457114349685587,3.457114349685587,225
Tc2N,Tc,2,N,1,43,7,5,98,11.5,2.4187580042950745,1.47,7.11938,0.552,43,15,2,14.0067,0.808,3.064722544994379,0.71,14.53413,-0.07,2.849366570988191,2.849366570988191,9.744362,194
RuB,Ru,1,B,1,44,8,5,101.07,12.41,2.382501425616403,1.46,7.3605,1.0463825,44,13,2,10.811,2.34,1.972269889478773,0.84,8.298019,0.27972325,2.607819,4.568953,8.153379,51
RuB2,Ru,1,B,2,44,8,5,101.07,12.41,2.382501425616403,1.46,7.3605,1.0463825,44,13,2,10.811,2.34,1.972269889478773,0.84,8.298019,0.27972325,2.88311,4.055214,4.6668,59
RuC,Ru,1,C,1,44,8,5,101.07,12.41,2.382501425616403,1.46,7.3605,1.0463825,44,14,2,12.0107,2.2,2.085122400680275,0.76,11.260288,1.262113612,3.0560589397457636,3.0560589397457636,3.0560589397457636,225
RuN,Ru,1,N,1,44,8,5,101.07,12.41,2.382501425616403,1.46,7.3605,1.0463825,44,15,2,14.0067,0.808,3.064722544994379,0.71,14.53413,-0.07,3.0652301146977528,3.0652301146977528,3.0652301146977528,225
RuN2,Ru,1,N,2,44,8,5,101.07,12.41,2.382501425616403,1.46,7.3605,1.0463825,44,15,2,14.0067,0.808,3.064722544994379,0.71,14.53413,-0.07,4.421422,4.421422,2.681938,127
OsB,Os,1,B,1,76,8,6,190.23,22.57,2.409898903360234,1.44,8.43823,1.0778013,76,13,2,10.811,2.34,1.972269889478773,0.84,8.298019,0.27972325,2.8153296556565093,4.55729477887628,7.94455139904696,2
OsB2,Os,1,B,2,76,8,6,190.23,22.57,2.409898903360234,1.44,8.43823,1.0778013,76,13,2,10.811,2.34,1.972269889478773,0.84,8.298019,0.27972325,2.887289,4.091241,4.709187,59
OsC,Os,1,C,1,76,8,6,190.23,22.57,2.409898903360234,1.44,8.43823,1.0778013,76,14,2,12.0107,2.2,2.085122400680275,0.76,11.260288,1.262113612,2.697561,2.697561,2.697561,221
OsC2,Os,1,C,2,76,8,6,190.23,22.57,2.409898903360234,1.44,8.43823,1.0778013,76,14,2,12.0107,2.2,2.085122400680275,0.76,11.260288,1.262113612,2.871679279865528,2.871679279865528,4.014595,187
OsN,Os,1,N,1,76,8,6,190.23,22.57,2.409898903360234,1.44,8.43823,1.0778013,76,15,2,14.0067,0.808,3.064722544994379,0.71,14.53413,-0.07,3.2532653641644425,3.2532653641644425,3.2532653641644425,216
OsN2,Os,1,N,2,76,8,6,190.23,22.57,2.409898903360234,1.44,8.43823,1.0778013,76,15,2,14.0067,0.808,3.064722544994379,0.71,14.53413,-0.07,3.0058307452518016,3.0058307452518016,3.77588,187
NiB,Ni,1,B,1,28,10,4,58.6934,8.902,2.220497220254741,1.24,7.639878,1.1571612,28,13,2,10.811,2.34,1.972269889478773,0.84,8.298019,0.27972325,3.959450109405093,3.959450109405093,2.971831,63
Ni2B,Ni,2,B,1,28,10,4,58.6934,8.902,2.220497220254741,1.24,7.639878,1.1571612,28,13,2,10.811,2.34,1.972269889478773,0.84,8.298019,0.27972325,4.1067825168629275,4.1067825168629275,4.1067825168629275,140
NiC,Ni,1,C,1,28,10,4,58.6934,8.902,2.220497220254741,1.24,7.639878,1.1571612,28,14,2,12.0107,2.2,2.085122400680275,0.76,11.260288,1.262113612,2.8757509531838807,2.8757509531838807,2.8757509531838807,225
NiN,Ni,1,N,1,28,10,4,58.6934,8.902,2.220497220254741,1.24,7.639878,1.1571612,28,15,2,14.0067,0.808,3.064722544994379,0.71,14.53413,-0.07,2.537711,2.537711,2.537711,221
CrB,Cr,1,B,1,24,6,4,51.9961,7.19,2.2899726798639817,1.39,6.76651,0.6758412,24,13,2,10.811,2.34,1.972269889478773,0.84,8.298019,0.27972325,4.189310915154544,4.189310915154544,2.916397,63
CrB2,Cr,1,B,2,24,6,4,51.9961,7.19,2.2899726798639817,1.39,6.76651,0.6758412,24,13,2,10.811,2.34,1.972269889478773,0.84,8.298019,0.27972325,2.9592883593014387,2.9592883593014387,3.031871,191
Cr2B,Cr,2,B,1,24,6,4,51.9961,7.19,2.2899726798639817,1.39,6.76651,0.6758412,24,13,2,10.811,2.34,1.972269889478773,0.84,8.298019,0.27972325,8.17092215295887,7.598448253719834,4.233706208370392,70
Cr3B4,Cr,3,B,4,24,6,4,51.9961,7.19,2.2899726798639817,1.39,6.76651,0.6758412,24,13,2,10.811,2.34,1.972269889478773,0.84,8.298019,0.27972325,6.843251619100747,6.843251619100747,6.843251619100747,71
CrC,Cr,1,C,1,24,6,4,51.9961,7.19,2.2899726798639817,1.39,6.76651,0.6758412,24,14,2,12.0107,2.2,2.085122400680275,0.76,11.260288,1.262113612,2.7069554258886495,2.7069554258886495,2.621571,187
Cr2C,Cr,2,C,1,24,6,4,51.9961,7.19,2.2899726798639817,1.39,6.76651,0.6758412,24,14,2,12.0107,2.2,2.085122400680275,0.76,11.260288,1.262113612,2.833089210871059,2.833089210871059,4.258797,164
CrN,Cr,1,N,1,24,6,4,51.9961,7.19,2.2899726798639817,1.39,6.76651,0.6758412,24,15,2,14.0067,0.808,3.064722544994379,0.71,14.53413,-0.07,4.1581010195784085,4.15809201695405,5.065504871339579,139
CrN2,Cr,1,N,2,24,6,4,51.9961,7.19,2.2899726798639817,1.39,6.76651,0.6758412,24,15,2,14.0067,0.808,3.064722544994379,0.71,14.53413,-0.07,13.719660640429996,13.719660640429996,9.176786,63
Cr2N,Cr,2,N,1,24,6,4,51.9961,7.19,2.2899726798639817,1.39,6.76651,0.6758412,24,15,2,14.0067,0.808,3.064722544994379,0.71,14.53413,-0.07,4.409684,4.78461376504499,4.78461376504499,162
Cr3N4,Cr,3,N,4,24,6,4,51.9961,7.19,2.2899726798639817,1.39,6.76651,0.6758412,24,15,2,14.0067,0.808,3.064722544994379,0.71,14.53413,-0.07,7.671867495556737,7.671867495556737,6.655438,159
CoB,Co,1,B,1,27,9,4,58.9332,8.9,2.223683703762846,1.26,7.88101,0.662265,27,13,2,10.811,2.34,1.972269889478773,0.84,8.298019,0.27972325,3.06477,3.921696,5.168983,62
Co2B,Co,2,B,1,27,9,4,58.9332,8.9,2.223683703762846,1.26,7.88101,0.662265,27,13,2,10.811,2.34,1.972269889478773,0.84,8.298019,0.27972325,4.097335665786854,4.097335665786854,4.097335665786854,140
Co2C,Co,2,C,1,27,9,4,58.9332,8.9,2.223683703762846,1.26,7.88101,0.662265,27,14,2,12.0107,2.2,2.085122400680275,0.76,11.260288,1.262113612,2.874761,4.362886,4.378502,58
CoN,Co,1,N,1,27,9,4,58.9332,8.9,2.223683703762846,1.26,7.88101,0.662265,27,15,2,14.0067,0.808,3.064722544994379,0.71,14.53413,-0.07,2.8336625433540954,2.8336625433540954,2.8336625433540954,225
Co2N,Co,2,N,1,27,9,4,58.9332,8.9,2.223683703762846,1.26,7.88101,0.662265,27,15,2,14.0067,0.808,3.064722544994379,0.71,14.53413,-0.07,2.838705,4.292,4.539061,58
HfB,Hf,1,B,1,72,4,6,178.49,13.31,2.813379287532789,1.75,6.82507,0.17807,72,13,2,10.811,2.34,1.972269889478773,0.84,8.298019,0.27972325,3.420842600237842,3.420842600237842,3.420842600237842,225
HfB2,Hf,1,B,2,72,4,6,178.49,13.31,2.813379287532789,1.75,6.82507,0.17807,72,13,2,10.811,2.34,1.972269889478773,0.84,8.298019,0.27972325,3.148655927445868,3.148655927445868,3.47992,191
HfC,Hf,1,C,1,72,4,6,178.49,13.31,2.813379287532789,1.75,6.82507,0.17807,72,14,2,12.0107,2.2,2.085122400680275,0.76,11.260288,1.262113612,3.3428661061337768,3.3428661061337768,5.202714,194
HfN,Hf,1,N,1,72,4,6,178.49,13.31,2.813379287532789,1.75,6.82507,0.17807,72,15,2,14.0067,0.808,3.064722544994379,0.71,14.53413,-0.07,2.816176,2.816176,2.816176,221
HfN2,Hf,1,N,2,72,4,6,178.49,13.31,2.813379287532789,1.75,6.82507,0.17807,72,15,2,14.0067,0.808,3.064722544994379,0.71,14.53413,-0.07,5.128189,5.128189,5.128189,205
Hf2N,Hf,2,N,1,72,4,6,178.49,13.31,2.813379287532789,1.75,6.82507,0.17807,72,15,2,14.0067,0.808,3.064722544994379,0.71,14.53413,-0.07,5.348034,5.348034,3.254331,136
Hf3N4,Hf,3,N,4,72,4,6,178.49,13.31,2.813379287532789,1.75,6.82507,0.17807,72,15,2,14.0067,0.808,3.064722544994379,0.71,14.53413,-0.07,6.415418605359435,6.415418605359435,6.415418605359435,227
TiB,Ti,1,B,1,22,4,4,47.867,4.54,2.5966283435174167,1.6,6.82812,0.075545,22,13,2,10.811,2.34,1.972269889478773,0.84,8.298019,0.27972325,3.5089212351160004,3.5089212351160004,3.5089212351160004,216
TiB2,Ti,1,B,2,22,4,4,47.867,4.54,2.5966283435174167,1.6,6.82812,0.075545,22,13,2,10.811,2.34,1.972269889478773,0.84,8.298019,0.27972325,3.035110551415549,3.035110551415549,3.223208,191
Ti2B,Ti,2,B,1,22,4,4,47.867,4.54,2.5966283435174167,1.6,6.82812,0.075545,22,13,2,10.811,2.34,1.972269889478773,0.84,8.298019,0.27972325,4.649294777033072,4.649294777033072,4.649294777033072,140
Ti3B4,Ti,3,B,4,22,4,4,47.867,4.54,2.5966283435174167,1.6,6.82812,0.075545,22,13,2,10.811,2.34,1.972269889478773,0.84,8.298019,0.27972325,7.230273342104156,7.230273342104156,7.230273342104156,71
TiC,Ti,1,C,1,22,4,4,47.867,4.54,2.5966283435174167,1.6,6.82812,0.075545,22,14,2,12.0107,2.2,2.085122400680275,0.76,11.260288,1.262113612,3.065767515851455,3.065767515851455,3.065767515851455,225
TiC2,Ti,1,C,2,22,4,4,47.867,4.54,2.5966283435174167,1.6,6.82812,0.075545,22,14,2,12.0107,2.2,2.085122400680275,0.76,11.260288,1.262113612,3.2536429209372377,3.2536429209372377,2.901845,38
Ti2C,Ti,2,C,1,22,4,4,47.867,4.54,2.5966283435174167,1.6,6.82812,0.075545,22,14,2,12.0107,2.2,2.085122400680275,0.76,11.260288,1.262113612,5.133103042090037,5.133103042090037,5.133103415731462,166
TiN,Ti,1,N,1,22,4,4,47.867,4.54,2.5966283435174167,1.6,6.82812,0.075545,22,15,2,14.0067,0.808,3.064722544994379,0.71,14.53413,-0.07,3.0077027354075403,3.0077027354075403,3.0077027354075403,225
TiN2,Ti,1,N,2,22,4,4,47.867,4.54,2.5966283435174167,1.6,6.82812,0.075545,22,15,2,14.0067,0.808,3.064722544994379,0.71,14.53413,-0.07,4.066789545980589,4.066789545980589,4.066789545980589,140
Ti2N,Ti,2,N,1,22,4,4,47.867,4.54,2.5966283435174167,1.6,6.82812,0.075545,22,15,2,14.0067,0.808,3.064722544994379,0.71,14.53413,-0.07,4.960132,4.960132,3.034611,136
Ti3N4,Ti,3,N,4,22,4,4,47.867,4.54,2.5966283435174167,1.6,6.82812,0.075545,22,15,2,14.0067,0.808,3.064722544994379,0.71,14.53413,-0.07,3.012338,9.37639,10.030353,62
ReB,Re,1,B,1,75,7,6,186.207,21.02,2.450214496174702,1.51,7.83352,0.06039663,75,13,2,10.811,2.34,1.972269889478773,0.84,8.298019,0.27972325,7.533754415450638,7.533754415450638,7.533754415450638,141
ReB2,Re,1,B,2,75,7,6,186.207,21.02,2.450214496174702,1.51,7.83352,0.06039663,75,13,2,10.811,2.34,1.972269889478773,0.84,8.298019,0.27972325,2.916969894278136,2.916969894278136,7.503477,194
ReC,Re,1,C,1,75,7,6,186.207,21.02,2.450214496174702,1.51,7.83352,0.06039663,75,14,2,12.0107,2.2,2.085122400680275,0.76,11.260288,1.262113612,3.08479293090606,3.08479293090606,3.08479293090606,225
ReC2,Re,1,C,2,75,7,6,186.207,21.02,2.450214496174702,1.51,7.83352,0.06039663,75,14,2,12.0107,2.2,2.085122400680275,0.76,11.260288,1.262113612,2.5897049743376175,2.5897049743376175,10.040738,194
Re2C,Re,2,C,1,75,7,6,186.207,21.02,2.450214496174702,1.51,7.83352,0.06039663,75,14,2,12.0107,2.2,2.085122400680275,0.76,11.260288,1.262113612,2.866025719488574,2.866025719488574,9.915113,194
ReN,Re,1,N,1,75,7,6,186.207,21.02,2.450214496174702,1.51,7.83352,0.06039663,75,15,2,14.0067,0.808,3.064722544994379,0.71,14.53413,-0.07,2.714124,2.714124,2.714124,221
ReN2,Re,1,N,2,75,7,6,186.207,21.02,2.450214496174702,1.51,7.83352,0.06039663,75,15,2,14.0067,0.808,3.064722544994379,0.71,14.53413,-0.07,4.390104,4.390104,2.676564,127
Re2N,Re,2,N,1,75,7,6,186.207,21.02,2.450214496174702,1.51,7.83352,0.06039663,75,15,2,14.0067,0.808,3.064722544994379,0.71,14.53413,-0.07,2.8672533044928206,2.8672533044928206,9.87185,194
Re3N4,Re,3,N,4,75,7,6,186.207,21.02,2.450214496174702,1.51,7.83352,0.06039663,75,15,2,14.0067,0.808,3.064722544994379,0.71,14.53413,-0.07,5.274998,5.873241,10.053127,62
ScB2,Sc,1,B,2,21,3,4,44.95591,2.989,2.9230526221566113,1.7,6.56149,0.1882,21,13,2,10.811,2.34,1.972269889478773,0.84,8.298019,0.27972325,4.3317163425589165,4.3317163425589165,4.3317163425589165,227
ScC,Sc,1,C,1,21,3,4,44.95591,2.989,2.9230526221566113,1.7,6.56149,0.1882,21,14,2,12.0107,2.2,2.085122400680275,0.76,11.260288,1.262113612,3.9588883648241455,3.9588883648241455,4.578002,194
ScC2,Sc,1,C,2,21,3,4,44.95591,2.989,2.9230526221566113,1.7,6.56149,0.1882,21,14,2,12.0107,2.2,2.085122400680275,0.76,11.260288,1.262113612,2.720030483617417,2.720030483617417,4.515532117128501,166
Sc2C,Sc,2,C,1,21,3,4,44.95591,2.989,2.9230526221566113,1.7,6.56149,0.1882,21,14,2,12.0107,2.2,2.085122400680275,0.76,11.260288,1.262113612,3.3251416161856926,3.3251416161856926,5.668274,164
Sc3C4,Sc,3,C,4,21,3,4,44.95591,2.989,2.9230526221566113,1.7,6.56149,0.1882,21,14,2,12.0107,2.2,2.085122400680275,0.76,11.260288,1.262113612,7.51921,7.51921,15.081785,128
ScN,Sc,1,N,1,21,3,4,44.95591,2.989,2.9230526221566113,1.7,6.56149,0.1882,21,15,2,14.0067,0.808,3.064722544994379,0.71,14.53413,-0.07,2.791458,2.791458,2.791458,221
