,Metal Symbol,M Number,X Symbol,X Number,Metal Sym Number,Metal Group,Metal Row,Metal Mass,Metal Density,Metal Inter-atomic Distance,Metal Covalent Radius,Metal First Ionization Energy,Metal Electron Affinity,X Sym Number,X Group,X Row,X Mass,X Density,X Inter-atomic Distance,X Covalent Radius,X First Ionization Energy,X Electron Affinity,Energy
Co2B1,Co,2,B,1,27,9,4,58.9332,8.9,2.223683704,1.26,7.88101,0.662265,27,13,2,10.811,2.34,1.972269889,0.84,8.298019,0.27972325,-0.47175002
Cr2B1,Cr,2,B,1,24,6,4,51.9961,7.19,2.28997268,1.39,6.76651,0.6758412,24,13,2,10.811,2.34,1.972269889,0.84,8.298019,0.27972325,-0.98491731
Fe2B1,Fe,2,B,1,26,8,4,55.845,7.874,2.275163627,1.32,7.9024681,0.15323634,26,13,2,10.811,2.34,1.972269889,0.84,8.298019,0.27972325,-0.47722466
Hf2B1,Hf,2,B,1,72,4,6,178.49,13.31,2.813379288,1.75,6.82507,0.17807,72,13,2,10.811,2.34,1.972269889,0.84,8.298019,0.27972325,-1.02618987
Ir2B1,Ir,2,B,1,77,9,6,192.217,22.42,2.423641628,1.41,8.96702,1.5643615,77,13,2,10.811,2.34,1.972269889,0.84,8.298019,0.27972325,-0.13463746
Mn2B1,Mn,2,B,1,25,7,4,54.938049,7.33,2.317427166,1.39,7.434038,-0.52,25,13,2,10.811,2.34,1.972269889,0.84,8.298019,0.27972325,-0.63449428
Mo2B1,Mo,2,B,1,42,6,5,95.94,10.22,2.498039381,1.54,7.09243,0.74733,42,13,2,10.811,2.34,1.972269889,0.84,8.298019,0.27972325,-0.6900878
Nb2B1,Nb,2,B,1,41,5,5,92.90638,8.57,2.620824339,1.64,6.75885,0.917407,41,13,2,10.811,2.34,1.972269889,0.84,8.298019,0.27972325,-1.02746434
Ni2B1,Ni,2,B,1,28,10,4,58.6934,8.902,2.22049722,1.24,7.639878,1.1571612,28,13,2,10.811,2.34,1.972269889,0.84,8.298019,0.27972325,-0.42799025
Os2B1,Os,2,B,1,76,8,6,190.23,22.57,2.409898903,1.44,8.43823,1.0778013,76,13,2,10.811,2.34,1.972269889,0.84,8.298019,0.27972325,-0.22711286
Pd2B1,Pd,2,B,1,46,10,5,106.42,12.02,2.449754722,1.39,8.336839,0.5621412,46,13,2,10.811,2.34,1.972269889,0.84,8.298019,0.27972325,-0.03993522
Pt2B1,Pt,2,B,1,78,10,6,195.078,21.45,2.4717811,1.36,8.95883,2.125105,78,13,2,10.811,2.34,1.972269889,0.84,8.298019,0.27972325,0.44061743
Re2B1,Re,2,B,1,75,7,6,186.207,21.02,2.450214496,1.51,7.83352,0.06039663,75,13,2,10.811,2.34,1.972269889,0.84,8.298019,0.27972325,-0.49826842
Rh2B1,Rh,2,B,1,45,9,5,102.9055,12.41,2.396837604,1.42,7.4589,1.142892,45,13,2,10.811,2.34,1.972269889,0.84,8.298019,0.27972325,-0.54790107
Ru2B1,Ru,2,B,1,44,8,5,101.07,12.41,2.382501426,1.46,7.3605,1.0463825,44,13,2,10.811,2.34,1.972269889,0.84,8.298019,0.27972325,-0.32002169
Sc2B1,Sc,2,B,1,21,3,4,44.95591,2.989,2.923052622,1.7,6.56149,0.1882,21,13,2,10.811,2.34,1.972269889,0.84,8.298019,0.27972325,-0.82555587
Ta2B1,Ta,2,B,1,73,5,6,180.9479,16.654,2.62277682,1.7,7.549571,0.32312,73,13,2,10.811,2.34,1.972269889,0.84,8.298019,0.27972325,-1.06864214
Tc2B1,Tc,2,B,1,43,7,5,98,11.5,2.418758004,1.47,7.11938,0.552,43,13,2,10.811,2.34,1.972269889,0.84,8.298019,0.27972325,-0.50253835
Ti2B1,Ti,2,B,1,22,4,4,47.867,4.54,2.596628344,1.6,6.82812,0.075545,22,13,2,10.811,2.34,1.972269889,0.84,8.298019,0.27972325,-0.95692541
V2B1,V,2,B,1,23,5,4,50.9415,6.11,2.401189933,1.53,6.746187,0.527662,23,13,2,10.811,2.34,1.972269889,0.84,8.298019,0.27972325,-1.06156146
W2B1,W,2,B,1,74,6,6,183.84,19.3,2.510213005,1.62,7.86403,0.816268,74,13,2,10.811,2.34,1.972269889,0.84,8.298019,0.27972325,-0.51163341
Y2B1,Y,2,B,1,39,3,5,88.90585,4.469,3.208654844,1.9,6.21726,0.30712,39,13,2,10.811,2.34,1.972269889,0.84,8.298019,0.27972325,-0.86411942
Zr2B1,Zr,2,B,1,40,4,5,91.224,6.506,2.855494701,1.75,6.634126,0.433289,40,13,2,10.811,2.34,1.972269889,0.84,8.298019,0.27972325,-0.93784873
Co2B2,Co,2,B,2,27,9,4,58.9332,8.9,2.223683704,1.26,7.88101,0.662265,27,13,2,10.811,2.34,1.972269889,0.84,8.298019,0.27972325,-0.0479683
Cr2B2,Cr,2,B,2,24,6,4,51.9961,7.19,2.28997268,1.39,6.76651,0.6758412,24,13,2,10.811,2.34,1.972269889,0.84,8.298019,0.27972325,-0.37604277
Fe2B2,Fe,2,B,2,26,8,4,55.845,7.874,2.275163627,1.32,7.9024681,0.15323634,26,13,2,10.811,2.34,1.972269889,0.84,8.298019,0.27972325,-0.16453762
Hf2B2,Hf,2,B,2,72,4,6,178.49,13.31,2.813379288,1.75,6.82507,0.17807,72,13,2,10.811,2.34,1.972269889,0.84,8.298019,0.27972325,-0.52635541
Ir2B2,Ir,2,B,2,77,9,6,192.217,22.42,2.423641628,1.41,8.96702,1.5643615,77,13,2,10.811,2.34,1.972269889,0.84,8.298019,0.27972325,-0.85314334
Mn2B2,Mn,2,B,2,25,7,4,54.938049,7.33,2.317427166,1.39,7.434038,-0.52,25,13,2,10.811,2.34,1.972269889,0.84,8.298019,0.27972325,-0.15171683
Mo2B2,Mo,2,B,2,42,6,5,95.94,10.22,2.498039381,1.54,7.09243,0.74733,42,13,2,10.811,2.34,1.972269889,0.84,8.298019,0.27972325,-0.54162563
Nb2B2,Nb,2,B,2,41,5,5,92.90638,8.57,2.620824339,1.64,6.75885,0.917407,41,13,2,10.811,2.34,1.972269889,0.84,8.298019,0.27972325,-0.55721703
Ni2B2,Ni,2,B,2,28,10,4,58.6934,8.902,2.22049722,1.24,7.639878,1.1571612,28,13,2,10.811,2.34,1.972269889,0.84,8.298019,0.27972325,0.2249784
Os2B2,Os,2,B,2,76,8,6,190.23,22.57,2.409898903,1.44,8.43823,1.0778013,76,13,2,10.811,2.34,1.972269889,0.84,8.298019,0.27972325,-0.59039549
Pd2B2,Pd,2,B,2,46,10,5,106.42,12.02,2.449754722,1.39,8.336839,0.5621412,46,13,2,10.811,2.34,1.972269889,0.84,8.298019,0.27972325,0.30436329
Pt2B2,Pt,2,B,2,78,10,6,195.078,21.45,2.4717811,1.36,8.95883,2.125105,78,13,2,10.811,2.34,1.972269889,0.84,8.298019,0.27972325,0.22865765
Re2B2,Re,2,B,2,75,7,6,186.207,21.02,2.450214496,1.51,7.83352,0.06039663,75,13,2,10.811,2.34,1.972269889,0.84,8.298019,0.27972325,-0.229108
Rh2B2,Rh,2,B,2,45,9,5,102.9055,12.41,2.396837604,1.42,7.4589,1.142892,45,13,2,10.811,2.34,1.972269889,0.84,8.298019,0.27972325,0.48395404
Ru2B2,Ru,2,B,2,44,8,5,101.07,12.41,2.382501426,1.46,7.3605,1.0463825,44,13,2,10.811,2.34,1.972269889,0.84,8.298019,0.27972325,-0.35148528
Sc2B2,Sc,2,B,2,21,3,4,44.95591,2.989,2.923052622,1.7,6.56149,0.1882,21,13,2,10.811,2.34,1.972269889,0.84,8.298019,0.27972325,-0.25614808
Ta2B2,Ta,2,B,2,73,5,6,180.9479,16.654,2.62277682,1.7,7.549571,0.32312,73,13,2,10.811,2.34,1.972269889,0.84,8.298019,0.27972325,-0.67906937
Tc2B2,Tc,2,B,2,43,7,5,98,11.5,2.418758004,1.47,7.11938,0.552,43,13,2,10.811,2.34,1.972269889,0.84,8.298019,0.27972325,-0.42317356
Ti2B2,Ti,2,B,2,22,4,4,47.867,4.54,2.596628344,1.6,6.82812,0.075545,22,13,2,10.811,2.34,1.972269889,0.84,8.298019,0.27972325,-0.43518893
V2B2,V,2,B,2,23,5,4,50.9415,6.11,2.401189933,1.53,6.746187,0.527662,23,13,2,10.811,2.34,1.972269889,0.84,8.298019,0.27972325,-0.2407627
W2B2,W,2,B,2,74,6,6,183.84,19.3,2.510213005,1.62,7.86403,0.816268,74,13,2,10.811,2.34,1.972269889,0.84,8.298019,0.27972325,-0.86200774
Y2B2,Y,2,B,2,39,3,5,88.90585,4.469,3.208654844,1.9,6.21726,0.30712,39,13,2,10.811,2.34,1.972269889,0.84,8.298019,0.27972325,-0.43437729
Zr2B2,Zr,2,B,2,40,4,5,91.224,6.506,2.855494701,1.75,6.634126,0.433289,40,13,2,10.811,2.34,1.972269889,0.84,8.298019,0.27972325,-0.38849717
Cr4C3 ,Cr,4,C,3,24,6,4,51.9961,7.19,2.28997268,1.39,6.76651,0.6758412,24,14,2,12.0107,2.2,2.085122401,0.76,11.260288,1.262113612,-0.55414339
Hf4C3 ,Hf,4,C,3,72,4,6,178.49,13.31,2.813379288,1.75,6.82507,0.17807,72,14,2,12.0107,2.2,2.085122401,0.76,11.260288,1.262113612,-1.1515799
Mo4C3 ,Mo,4,C,3,42,6,5,95.94,10.22,2.498039381,1.54,7.09243,0.74733,42,14,2,12.0107,2.2,2.085122401,0.76,11.260288,1.262113612,-0.59782552
Nb4C3 ,Nb,4,C,3,41,5,5,92.90638,8.57,2.620824339,1.64,6.75885,0.917407,41,14,2,12.0107,2.2,2.085122401,0.76,11.260288,1.262113612,-0.94305278
Sc4C3 ,Sc,4,C,3,21,3,4,44.95591,2.989,2.923052622,1.7,6.56149,0.1882,21,14,2,12.0107,2.2,2.085122401,0.76,11.260288,1.262113612,-0.3789491
Ta4C3 ,Ta,4,C,3,73,5,6,180.9479,16.654,2.62277682,1.7,7.549571,0.32312,73,14,2,12.0107,2.2,2.085122401,0.76,11.260288,1.262113612,-0.97658383
Ti4C3 ,Ti,4,C,3,22,4,4,47.867,4.54,2.596628344,1.6,6.82812,0.075545,22,14,2,12.0107,2.2,2.085122401,0.76,11.260288,1.262113612,-0.99991635
V4C3,V,4,C,3,23,5,4,50.9415,6.11,2.401189933,1.53,6.746187,0.527662,23,14,2,12.0107,2.2,2.085122401,0.76,11.260288,1.262113612,-0.8781954
W4C3,W,4,C,3,74,6,6,183.84,19.3,2.510213005,1.62,7.86403,0.816268,74,14,2,12.0107,2.2,2.085122401,0.76,11.260288,1.262113612,-0.50947717
Y4C3,Y,4,C,3,39,3,5,88.90585,4.469,3.208654844,1.9,6.21726,0.30712,39,14,2,12.0107,2.2,2.085122401,0.76,11.260288,1.262113612,-0.46217204
Zr4C3,Zr,4,C,3,40,4,5,91.224,6.506,2.855494701,1.75,6.634126,0.433289,40,14,2,12.0107,2.2,2.085122401,0.76,11.260288,1.262113612,-1.07163665
Cr3C2 ,Cr,3,C,2,24,6,4,51.9961,7.19,2.28997268,1.39,6.76651,0.6758412,24,14,2,12.0107,2.2,2.085122401,0.76,11.260288,1.262113612,-0.50047595
Hf3C2 ,Hf,3,C,2,72,4,6,178.49,13.31,2.813379288,1.75,6.82507,0.17807,72,14,2,12.0107,2.2,2.085122401,0.76,11.260288,1.262113612,-1.17110452
Mo3C2 ,Mo,3,C,2,42,6,5,95.94,10.22,2.498039381,1.54,7.09243,0.74733,42,14,2,12.0107,2.2,2.085122401,0.76,11.260288,1.262113612,-0.4781702
Nb3C2 ,Nb,3,C,2,41,5,5,92.90638,8.57,2.620824339,1.64,6.75885,0.917407,41,14,2,12.0107,2.2,2.085122401,0.76,11.260288,1.262113612,-0.94939097
Sc3C2 ,Sc,3,C,2,21,3,4,44.95591,2.989,2.923052622,1.7,6.56149,0.1882,21,14,2,12.0107,2.2,2.085122401,0.76,11.260288,1.262113612,-0.76291948
Ta3C2 ,Ta,3,C,2,73,5,6,180.9479,16.654,2.62277682,1.7,7.549571,0.32312,73,14,2,12.0107,2.2,2.085122401,0.76,11.260288,1.262113612,-0.96498014
Ti3C2 ,Ti,3,C,2,22,4,4,47.867,4.54,2.596628344,1.6,6.82812,0.075545,22,14,2,12.0107,2.2,2.085122401,0.76,11.260288,1.262113612,-1.01087654
V3C2,V,3,C,2,23,5,4,50.9415,6.11,2.401189933,1.53,6.746187,0.527662,23,14,2,12.0107,2.2,2.085122401,0.76,11.260288,1.262113612,-0.81424767
W3C2,W,3,C,2,74,6,6,183.84,19.3,2.510213005,1.62,7.86403,0.816268,74,14,2,12.0107,2.2,2.085122401,0.76,11.260288,1.262113612,-0.28636235
Y3C2,Y,3,C,2,39,3,5,88.90585,4.469,3.208654844,1.9,6.21726,0.30712,39,14,2,12.0107,2.2,2.085122401,0.76,11.260288,1.262113612,-0.69422387
Zr3C2,Zr,3,C,2,40,4,5,91.224,6.506,2.855494701,1.75,6.634126,0.433289,40,14,2,12.0107,2.2,2.085122401,0.76,11.260288,1.262113612,-1.07631424
Cr2C ,Cr,2,C,1,24,6,4,51.9961,7.19,2.28997268,1.39,6.76651,0.6758412,24,14,2,12.0107,2.2,2.085122401,0.76,11.260288,1.262113612,-0.73186329
Hf2C ,Hf,2,C,1,72,4,6,178.49,13.31,2.813379288,1.75,6.82507,0.17807,72,14,2,12.0107,2.2,2.085122401,0.76,11.260288,1.262113612,-1.1130244
Mo2C ,Mo,2,C,1,42,6,5,95.94,10.22,2.498039381,1.54,7.09243,0.74733,42,14,2,12.0107,2.2,2.085122401,0.76,11.260288,1.262113612,-0.66467793
Nb2C ,Nb,2,C,1,41,5,5,92.90638,8.57,2.620824339,1.64,6.75885,0.917407,41,14,2,12.0107,2.2,2.085122401,0.76,11.260288,1.262113612,-0.96903447
Sc2C ,Sc,2,C,1,21,3,4,44.95591,2.989,2.923052622,1.7,6.56149,0.1882,21,14,2,12.0107,2.2,2.085122401,0.76,11.260288,1.262113612,-0.93114353
Ta2C ,Ta,2,C,1,73,5,6,180.9479,16.654,2.62277682,1.7,7.549571,0.32312,73,14,2,12.0107,2.2,2.085122401,0.76,11.260288,1.262113612,-0.91883635
Ti2C ,Ti,2,C,1,22,4,4,47.867,4.54,2.596628344,1.6,6.82812,0.075545,22,14,2,12.0107,2.2,2.085122401,0.76,11.260288,1.262113612,-1.07266794
V2C,V,2,C,1,23,5,4,50.9415,6.11,2.401189933,1.53,6.746187,0.527662,23,14,2,12.0107,2.2,2.085122401,0.76,11.260288,1.262113612,-0.94328199
W2C,W,2,C,1,74,6,6,183.84,19.3,2.510213005,1.62,7.86403,0.816268,74,14,2,12.0107,2.2,2.085122401,0.76,11.260288,1.262113612,-0.5935564
Y2C,Y,2,C,1,39,3,5,88.90585,4.469,3.208654844,1.9,6.21726,0.30712,39,14,2,12.0107,2.2,2.085122401,0.76,11.260288,1.262113612,-0.86653899
Zr2C,Zr,2,C,1,40,4,5,91.224,6.506,2.855494701,1.75,6.634126,0.433289,40,14,2,12.0107,2.2,2.085122401,0.76,11.260288,1.262113612,-1.05252683
Cr4N3 ,Cr,4,N,3,24,6,4,51.9961,7.19,2.28997268,1.39,6.76651,0.6758412,24,15,2,14.0067,0.808,3.064722545,0.71,14.53413,-0.07,-2.5721744
Hf4N3 ,Hf,4,N,3,72,4,6,178.49,13.31,2.813379288,1.75,6.82507,0.17807,72,15,2,14.0067,0.808,3.064722545,0.71,14.53413,-0.07,-1.0403769
Mo4N3 ,Mo,4,N,3,42,6,5,95.94,10.22,2.498039381,1.54,7.09243,0.74733,42,15,2,14.0067,0.808,3.064722545,0.71,14.53413,-0.07,-0.99616337
Nb4N3 ,Nb,4,N,3,41,5,5,92.90638,8.57,2.620824339,1.64,6.75885,0.917407,41,15,2,14.0067,0.808,3.064722545,0.71,14.53413,-0.07,-0.89496127
Sc4N3 ,Sc,4,N,3,21,3,4,44.95591,2.989,2.923052622,1.7,6.56149,0.1882,21,15,2,14.0067,0.808,3.064722545,0.71,14.53413,-0.07,-1.1107946
Ta4N3 ,Ta,4,N,3,73,5,6,180.9479,16.654,2.62277682,1.7,7.549571,0.32312,73,15,2,14.0067,0.808,3.064722545,0.71,14.53413,-0.07,-1.70572679
Ti4N3 ,Ti,4,N,3,22,4,4,47.867,4.54,2.596628344,1.6,6.82812,0.075545,22,15,2,14.0067,0.808,3.064722545,0.71,14.53413,-0.07,-1.0563312
V4N3,V,4,N,3,23,5,4,50.9415,6.11,2.401189933,1.53,6.746187,0.527662,23,15,2,14.0067,0.808,3.064722545,0.71,14.53413,-0.07,-0.8612572
W4N3,W,4,N,3,74,6,6,183.84,19.3,2.510213005,1.62,7.86403,0.816268,74,15,2,14.0067,0.808,3.064722545,0.71,14.53413,-0.07,-0.6001678
Y4N3,Y,4,N,3,39,3,5,88.90585,4.469,3.208654844,1.9,6.21726,0.30712,39,15,2,14.0067,0.808,3.064722545,0.71,14.53413,-0.07,-1.08335403
Zr4N3,Zr,4,N,3,40,4,5,91.224,6.506,2.855494701,1.75,6.634126,0.433289,40,15,2,14.0067,0.808,3.064722545,0.71,14.53413,-0.07,-1.10193347
Cr3N2 ,Cr,3,N,2,24,6,4,51.9961,7.19,2.28997268,1.39,6.76651,0.6758412,24,15,2,14.0067,0.808,3.064722545,0.71,14.53413,-0.07,-1.57199624
Hf3N2 ,Hf,3,N,2,72,4,6,178.49,13.31,2.813379288,1.75,6.82507,0.17807,72,15,2,14.0067,0.808,3.064722545,0.71,14.53413,-0.07,-1.02573532
Mo3N2 ,Mo,3,N,2,42,6,5,95.94,10.22,2.498039381,1.54,7.09243,0.74733,42,15,2,14.0067,0.808,3.064722545,0.71,14.53413,-0.07,-1.2798031
Nb3N2 ,Nb,3,N,2,41,5,5,92.90638,8.57,2.620824339,1.64,6.75885,0.917407,41,15,2,14.0067,0.808,3.064722545,0.71,14.53413,-0.07,-0.87099675
Sc3N2 ,Sc,3,N,2,21,3,4,44.95591,2.989,2.923052622,1.7,6.56149,0.1882,21,15,2,14.0067,0.808,3.064722545,0.71,14.53413,-0.07,-1.08613209
Ta3N2 ,Ta,3,N,2,73,5,6,180.9479,16.654,2.62277682,1.7,7.549571,0.32312,73,15,2,14.0067,0.808,3.064722545,0.71,14.53413,-0.07,-0.91153214
Ti3N2 ,Ti,3,N,2,22,4,4,47.867,4.54,2.596628344,1.6,6.82812,0.075545,22,15,2,14.0067,0.808,3.064722545,0.71,14.53413,-0.07,-1.05263341
V3N2,V,3,N,2,23,5,4,50.9415,6.11,2.401189933,1.53,6.746187,0.527662,23,15,2,14.0067,0.808,3.064722545,0.71,14.53413,-0.07,-0.77285153
W3N2,W,3,N,2,74,6,6,183.84,19.3,2.510213005,1.62,7.86403,0.816268,74,15,2,14.0067,0.808,3.064722545,0.71,14.53413,-0.07,-1.05904721
Y3N2,Y,3,N,2,39,3,5,88.90585,4.469,3.208654844,1.9,6.21726,0.30712,39,15,2,14.0067,0.808,3.064722545,0.71,14.53413,-0.07,-1.06798906
Zr3N2,Zr,3,N,2,40,4,5,91.224,6.506,2.855494701,1.75,6.634126,0.433289,40,15,2,14.0067,0.808,3.064722545,0.71,14.53413,-0.07,-1.0971139
Cr2N ,Cr,2,N,1,24,6,4,51.9961,7.19,2.28997268,1.39,6.76651,0.6758412,24,15,2,14.0067,0.808,3.064722545,0.71,14.53413,-0.07,-0.64171637
Hf2N ,Hf,2,N,1,72,4,6,178.49,13.31,2.813379288,1.75,6.82507,0.17807,72,15,2,14.0067,0.808,3.064722545,0.71,14.53413,-0.07,-1.12531649
Mo2N ,Mo,2,N,1,42,6,5,95.94,10.22,2.498039381,1.54,7.09243,0.74733,42,15,2,14.0067,0.808,3.064722545,0.71,14.53413,-0.07,-0.79596622
Nb2N ,Nb,2,N,1,41,5,5,92.90638,8.57,2.620824339,1.64,6.75885,0.917407,41,15,2,14.0067,0.808,3.064722545,0.71,14.53413,-0.07,-0.81151515
Sc2N ,Sc,2,N,1,21,3,4,44.95591,2.989,2.923052622,1.7,6.56149,0.1882,21,15,2,14.0067,0.808,3.064722545,0.71,14.53413,-0.07,-0.95737556
Ta2N ,Ta,2,N,1,73,5,6,180.9479,16.654,2.62277682,1.7,7.549571,0.32312,73,15,2,14.0067,0.808,3.064722545,0.71,14.53413,-0.07,-0.70610557
Ti2N ,Ti,2,N,1,22,4,4,47.867,4.54,2.596628344,1.6,6.82812,0.075545,22,15,2,14.0067,0.808,3.064722545,0.71,14.53413,-0.07,-1.12678703
V2N,V,2,N,1,23,5,4,50.9415,6.11,2.401189933,1.53,6.746187,0.527662,23,15,2,14.0067,0.808,3.064722545,0.71,14.53413,-0.07,-0.73248494
W2N,W,2,N,1,74,6,6,183.84,19.3,2.510213005,1.62,7.86403,0.816268,74,15,2,14.0067,0.808,3.064722545,0.71,14.53413,-0.07,-0.60900685
Y2N,Y,2,N,1,39,3,5,88.90585,4.469,3.208654844,1.9,6.21726,0.30712,39,15,2,14.0067,0.808,3.064722545,0.71,14.53413,-0.07,-0.92404966
Zr2N,Zr,2,N,1,40,4,5,91.224,6.506,2.855494701,1.75,6.634126,0.433289,40,15,2,14.0067,0.808,3.064722545,0.71,14.53413,-0.07,-1.16814704
NbFe1,Nb,1,Fe,1,41,5,5,92.90638,8.57,2.620824339,1.64,6.75885,0.917407,41,8,4,55.845,7.874,2.275163627,1.32,7.9024681,0.15323634,-0.559 
NbRu1,Nb,1,Ru,1,41,5,5,92.90638,8.57,2.620824339,1.64,6.75885,0.917407,41,8,5,101.07,12.41,2.382501426,1.46,7.3605,1.0463825,-0.556 
TaNi2,Ta,1,Ni,2,73,5,6,180.9479,16.654,2.62277682,1.7,7.549571,0.32312,73,10,4,58.6934,8.902,2.22049722,1.24,7.639878,1.1571612,-1.026 
CrY1,Cr,1,Y,1,24,6,4,51.9961,7.19,2.28997268,1.39,6.76651,0.6758412,24,3,5,88.90585,4.469,3.208654844,1.9,6.21726,0.30712,-0.500 
TaV1,Ta,1,V,1,73,5,6,180.9479,16.654,2.62277682,1.7,7.549571,0.32312,73,5,4,50.9415,6.11,2.401189933,1.53,6.746187,0.527662,-0.651 
CrZr1,Cr,1,Zr,1,24,6,4,51.9961,7.19,2.28997268,1.39,6.76651,0.6758412,24,4,5,91.224,6.506,2.855494701,1.75,6.634126,0.433289,-0.603 
FeSc1,Fe,1,Sc,1,26,8,4,55.845,7.874,2.275163627,1.32,7.9024681,0.15323634,26,3,4,44.95591,2.989,2.923052622,1.7,6.56149,0.1882,-0.520 
PdV2,Pd,1,V,2,46,10,5,106.42,12.02,2.449754722,1.39,8.336839,0.5621412,46,5,4,50.9415,6.11,2.401189933,1.53,6.746187,0.527662,-0.278 
HfPt1,Hf,1,Pt,1,72,4,6,178.49,13.31,2.813379288,1.75,6.82507,0.17807,72,10,6,195.078,21.45,2.4717811,1.36,8.95883,2.125105,-0.506 
FeMn1,Fe,1,Mn,1,26,8,4,55.845,7.874,2.275163627,1.32,7.9024681,0.15323634,26,7,4,54.938049,7.33,2.317427166,1.39,7.434038,-0.52,-0.194 
NbMo1,Nb,1,Mo,1,41,5,5,92.90638,8.57,2.620824339,1.64,6.75885,0.917407,41,6,5,95.94,10.22,2.498039381,1.54,7.09243,0.74733,-0.553 
HfRe2,Hf,1,Re,2,72,4,6,178.49,13.31,2.813379288,1.75,6.82507,0.17807,72,7,6,186.207,21.02,2.450214496,1.51,7.83352,0.06039663,-1.032 
VTi2,V,1,Ti,2,23,5,4,50.9415,6.11,2.401189933,1.53,6.746187,0.527662,23,4,4,47.867,4.54,2.596628344,1.6,6.82812,0.075545,-1.015 
MnY1,Mn,1,Y,1,25,7,4,54.938049,7.33,2.317427166,1.39,7.434038,-0.52,25,3,5,88.90585,4.469,3.208654844,1.9,6.21726,0.30712,-0.489 
CoMn1,Co,1,Mn,1,27,9,4,58.9332,8.9,2.223683704,1.26,7.88101,0.662265,27,7,4,54.938049,7.33,2.317427166,1.39,7.434038,-0.52,-0.108 
VY1,V,1,Y,1,23,5,4,50.9415,6.11,2.401189933,1.53,6.746187,0.527662,23,3,5,88.90585,4.469,3.208654844,1.9,6.21726,0.30712,-0.473 
TiPt1,Ti,1,Pt,1,22,4,4,47.867,4.54,2.596628344,1.6,6.82812,0.075545,22,10,6,195.078,21.45,2.4717811,1.36,8.95883,2.125105,-0.385 
MnSc1,Mn,1,Sc,1,25,7,4,54.938049,7.33,2.317427166,1.39,7.434038,-0.52,25,3,4,44.95591,2.989,2.923052622,1.7,6.56149,0.1882,-0.424 
HfPt2,Hf,1,Pt,2,72,4,6,178.49,13.31,2.813379288,1.75,6.82507,0.17807,72,10,6,195.078,21.45,2.4717811,1.36,8.95883,2.125105,-1.006 
NiPt1,Ni,1,Pt,1,28,10,4,58.6934,8.902,2.22049722,1.24,7.639878,1.1571612,28,10,6,195.078,21.45,2.4717811,1.36,8.95883,2.125105,-0.077 
TaHf2,Ta,1,Hf,2,73,5,6,180.9479,16.654,2.62277682,1.7,7.549571,0.32312,73,4,6,178.49,13.31,2.813379288,1.75,6.82507,0.17807,-1.074 
VHf2,V,1,Hf,2,23,5,4,50.9415,6.11,2.401189933,1.53,6.746187,0.527662,23,4,6,178.49,13.31,2.813379288,1.75,6.82507,0.17807,-0.995 
TiMo1,Ti,1,Mo,1,22,4,4,47.867,4.54,2.596628344,1.6,6.82812,0.075545,22,6,5,95.94,10.22,2.498039381,1.54,7.09243,0.74733,-0.503 
HfOs2,Hf,1,Os,2,72,4,6,178.49,13.31,2.813379288,1.75,6.82507,0.17807,72,8,6,190.23,22.57,2.409898903,1.44,8.43823,1.0778013,-1.054 
YRu1,Y,1,Ru,1,39,3,5,88.90585,4.469,3.208654844,1.9,6.21726,0.30712,39,8,5,101.07,12.41,2.382501426,1.46,7.3605,1.0463825,-0.374 
FeW1,Fe,1,W,1,26,8,4,55.845,7.874,2.275163627,1.32,7.9024681,0.15323634,26,6,6,183.84,19.3,2.510213005,1.62,7.86403,0.816268,-0.504 
YIr2,Y,1,Ir,2,39,3,5,88.90585,4.469,3.208654844,1.9,6.21726,0.30712,39,9,6,192.217,22.42,2.423641628,1.41,8.96702,1.5643615,-0.836 
MnRh1,Mn,1,Rh,1,25,7,4,54.938049,7.33,2.317427166,1.39,7.434038,-0.52,25,9,5,102.9055,12.41,2.396837604,1.42,7.4589,1.142892,-0.134 
ScRu1,Sc,1,Ru,1,21,3,4,44.95591,2.989,2.923052622,1.7,6.56149,0.1882,21,8,5,101.07,12.41,2.382501426,1.46,7.3605,1.0463825,-0.274 
NiCr2,Ni,1,Cr,2,28,10,4,58.6934,8.902,2.22049722,1.24,7.639878,1.1571612,28,6,4,51.9961,7.19,2.28997268,1.39,6.76651,0.6758412,-0.377 
NbV2,Nb,1,V,2,41,5,5,92.90638,8.57,2.620824339,1.64,6.75885,0.917407,41,5,4,50.9415,6.11,2.401189933,1.53,6.746187,0.527662,-1.011 
HfNb1,Hf,1,Nb,1,72,4,6,178.49,13.31,2.813379288,1.75,6.82507,0.17807,72,5,5,92.90638,8.57,2.620824339,1.64,6.75885,0.917407,-0.518 
CrIr2,Cr,1,Ir,2,24,6,4,51.9961,7.19,2.28997268,1.39,6.76651,0.6758412,24,9,6,192.217,22.42,2.423641628,1.41,8.96702,1.5643615,-0.710 
MnRu2,Mn,1,Ru,2,25,7,4,54.938049,7.33,2.317427166,1.39,7.434038,-0.52,25,8,5,101.07,12.41,2.382501426,1.46,7.3605,1.0463825,-0.543 
MnPt1,Mn,1,Pt,1,25,7,4,54.938049,7.33,2.317427166,1.39,7.434038,-0.52,25,10,6,195.078,21.45,2.4717811,1.36,8.95883,2.125105,-0.171 
CoRh1,Co,1,Rh,1,27,9,4,58.9332,8.9,2.223683704,1.26,7.88101,0.662265,27,9,5,102.9055,12.41,2.396837604,1.42,7.4589,1.142892,-0.138 
TaOs1,Ta,1,Os,1,73,5,6,180.9479,16.654,2.62277682,1.7,7.549571,0.32312,73,8,6,190.23,22.57,2.409898903,1.44,8.43823,1.0778013,-0.654 
YFe1,Y,1,Fe,1,39,3,5,88.90585,4.469,3.208654844,1.9,6.21726,0.30712,39,8,4,55.845,7.874,2.275163627,1.32,7.9024681,0.15323634,-0.370 
CoTi1,Co,1,Ti,1,27,9,4,58.9332,8.9,2.223683704,1.26,7.88101,0.662265,27,4,4,47.867,4.54,2.596628344,1.6,6.82812,0.075545,-0.163 
CrFe1,Cr,1,Fe,1,24,6,4,51.9961,7.19,2.28997268,1.39,6.76651,0.6758412,24,8,4,55.845,7.874,2.275163627,1.32,7.9024681,0.15323634,-0.383 
YV1,Y,1,V,1,39,3,5,88.90585,4.469,3.208654844,1.9,6.21726,0.30712,39,5,4,50.9415,6.11,2.401189933,1.53,6.746187,0.527662,-0.417 
HfY2,Hf,1,Y,2,72,4,6,178.49,13.31,2.813379288,1.75,6.82507,0.17807,72,3,5,88.90585,4.469,3.208654844,1.9,6.21726,0.30712,-0.979 
VMo1,V,1,Mo,1,23,5,4,50.9415,6.11,2.401189933,1.53,6.746187,0.527662,23,6,5,95.94,10.22,2.498039381,1.54,7.09243,0.74733,-0.537 
MoCr1,Mo,1,Cr,1,42,6,5,95.94,10.22,2.498039381,1.54,7.09243,0.74733,42,6,4,51.9961,7.19,2.28997268,1.39,6.76651,0.6758412,-0.547 
WCo2,W,1,Co,2,74,6,6,183.84,19.3,2.510213005,1.62,7.86403,0.816268,74,9,4,58.9332,8.9,2.223683704,1.26,7.88101,0.662265,-0.656 
NbIr1,Nb,1,Ir,1,41,5,5,92.90638,8.57,2.620824339,1.64,6.75885,0.917407,41,9,6,192.217,22.42,2.423641628,1.41,8.96702,1.5643615,-0.560 
ScV1,Sc,1,V,1,21,3,4,44.95591,2.989,2.923052622,1.7,6.56149,0.1882,21,5,4,50.9415,6.11,2.401189933,1.53,6.746187,0.527662,-0.327 
YNi1,Y,1,Ni,1,39,3,5,88.90585,4.469,3.208654844,1.9,6.21726,0.30712,39,10,4,58.6934,8.902,2.22049722,1.24,7.639878,1.1571612,-0.292 
WV1,W,1,V,1,74,6,6,183.84,19.3,2.510213005,1.62,7.86403,0.816268,74,5,4,50.9415,6.11,2.401189933,1.53,6.746187,0.527662,-0.810 
PdCr2,Pd,1,Cr,2,46,10,5,106.42,12.02,2.449754722,1.39,8.336839,0.5621412,46,6,4,51.9961,7.19,2.28997268,1.39,6.76651,0.6758412,-0.283 
TcTa1,Tc,1,Ta,1,43,7,5,98,11.5,2.418758004,1.47,7.11938,0.552,43,5,6,180.9479,16.654,2.62277682,1.7,7.549571,0.32312,-0.677 
FeTi2,Fe,1,Ti,2,26,8,4,55.845,7.874,2.275163627,1.32,7.9024681,0.15323634,26,4,4,47.867,4.54,2.596628344,1.6,6.82812,0.075545,-0.719 
TaSc1,Ta,1,Sc,1,73,5,6,180.9479,16.654,2.62277682,1.7,7.549571,0.32312,73,3,4,44.95591,2.989,2.923052622,1.7,6.56149,0.1882,-0.637 
YW1,Y,1,W,1,39,3,5,88.90585,4.469,3.208654844,1.9,6.21726,0.30712,39,6,6,183.84,19.3,2.510213005,1.62,7.86403,0.816268,-0.625 
TcMn2,Tc,1,Mn,2,43,7,5,98,11.5,2.418758004,1.47,7.11938,0.552,43,7,4,54.938049,7.33,2.317427166,1.39,7.434038,-0.52,-0.523 
HfZr2,Hf,1,Zr,2,72,4,6,178.49,13.31,2.813379288,1.75,6.82507,0.17807,72,4,5,91.224,6.506,2.855494701,1.75,6.634126,0.433289,-1.016 
CrNi1,Cr,1,Ni,1,24,6,4,51.9961,7.19,2.28997268,1.39,6.76651,0.6758412,24,10,4,58.6934,8.902,2.22049722,1.24,7.639878,1.1571612,-0.350 
NbTc2,Nb,1,Tc,2,41,5,5,92.90638,8.57,2.620824339,1.64,6.75885,0.917407,41,7,5,98,11.5,2.418758004,1.47,7.11938,0.552,-0.994 
MoTa1,Mo,1,Ta,1,42,6,5,95.94,10.22,2.498039381,1.54,7.09243,0.74733,42,5,6,180.9479,16.654,2.62277682,1.7,7.549571,0.32312,-0.691 
YZr1,Y,1,Zr,1,39,3,5,88.90585,4.469,3.208654844,1.9,6.21726,0.30712,39,4,5,91.224,6.506,2.855494701,1.75,6.634126,0.433289,-0.430 
PdMn2,Pd,1,Mn,2,46,10,5,106.42,12.02,2.449754722,1.39,8.336839,0.5621412,46,7,4,54.938049,7.33,2.317427166,1.39,7.434038,-0.52,-0.286 
ScOs2,Sc,1,Os,2,21,3,4,44.95591,2.989,2.923052622,1.7,6.56149,0.1882,21,8,6,190.23,22.57,2.409898903,1.44,8.43823,1.0778013,-0.749 
TiFe1,Ti,1,Fe,1,22,4,4,47.867,4.54,2.596628344,1.6,6.82812,0.075545,22,8,4,55.845,7.874,2.275163627,1.32,7.9024681,0.15323634,-0.371 
MoRu1,Mo,1,Ru,1,42,6,5,95.94,10.22,2.498039381,1.54,7.09243,0.74733,42,8,5,101.07,12.41,2.382501426,1.46,7.3605,1.0463825,-0.562 
FeY1,Fe,1,Y,1,26,8,4,55.845,7.874,2.275163627,1.32,7.9024681,0.15323634,26,3,5,88.90585,4.469,3.208654844,1.9,6.21726,0.30712,-0.544 
TaNb1,Ta,1,Nb,1,73,5,6,180.9479,16.654,2.62277682,1.7,7.549571,0.32312,73,5,5,92.90638,8.57,2.620824339,1.64,6.75885,0.917407,-0.667 
TiTc2,Ti,1,Tc,2,22,4,4,47.867,4.54,2.596628344,1.6,6.82812,0.075545,22,7,5,98,11.5,2.418758004,1.47,7.11938,0.552,-1.017 
VPt2,V,1,Pt,2,23,5,4,50.9415,6.11,2.401189933,1.53,6.746187,0.527662,23,10,6,195.078,21.45,2.4717811,1.36,8.95883,2.125105,-0.843 
TcPt1,Tc,1,Pt,1,43,7,5,98,11.5,2.418758004,1.47,7.11938,0.552,43,10,6,195.078,21.45,2.4717811,1.36,8.95883,2.125105,-0.086 
CoOs1,Co,1,Os,1,27,9,4,58.9332,8.9,2.223683704,1.26,7.88101,0.662265,27,8,6,190.23,22.57,2.409898903,1.44,8.43823,1.0778013,-0.040 
